timestamp,price,market_cap,volume_24h,circulating_supply,price_change_24h,bullish_sentiment,bearish_sentiment
2026-02-25 20:33:47,"$68,025.35",$1.36T,$55.34B,19.99M BTC,4.3% (24h),,
2026-02-28 16:45:49,"$64,991.69",$1.29T,$40.5B,19.99M BTC,1.19% (24h),,
2026-02-28 11:18:04,"$64,813.33",$1.29T,$39.88B,19.99M BTC,1.8% (24h),,
2026-02-28 11:46:47,"$65,070.13",$1.3T,$39.65B,19.99M BTC,1.08% (24h),,
2026-02-28 12:02:24,"$65,079.24",$1.3T,$39.02B,19.99M BTC,0.7% (24h),,
2026-02-28 12:35:41,"$65,095.97",$1.3T,$38.42B,19.99M BTC,0.3% (24h),,
2026-02-28 12:54:25,"$65,148.35",$1.3T,$38.14B,19.99M BTC,0.69% (24h),,
2026-02-28 13:44:05,"$65,655.61",$1.31T,$37.57B,19.99M BTC,0.14% (24h),,
2026-02-28 14:12:10,"$65,693.59",$1.31T,$38.66B,19.99M BTC,0.69% (24h),,
2026-02-28 14:38:33,"$66,391.37",$1.32T,$38.62B,19.99M BTC,1.53% (24h),,
2026-02-28 14:53:33,"$66,521.36",$1.33T,$38.48B,19.99M BTC,1.72% (24h),,
2026-02-28 15:35:30,"$66,723.18",$1.33T,$39.61B,19.99M BTC,1.76% (24h),,
2026-02-28 15:56:50,"$66,905.73",$1.33T,$39.7B,19.99M BTC,1.96% (24h),,
2026-02-28 16:29:54,"$66,485.02",$1.32T,$40.08B,19.99M BTC,1.16% (24h),,
2026-02-28 16:48:49,"$66,833.60",$1.33T,$40.36B,19.99M BTC,1.87% (24h),,
2026-02-28 17:02:25,"$66,691.62",$1.33T,$40.74B,19.99M BTC,1.77% (24h),,
2026-02-28 17:38:40,"$67,605.05",$1.35T,$41.34B,19.99M BTC,3.61% (24h),,
2026-02-28 17:57:24,"$67,291.57",$1.34T,$41.57B,19.99M BTC,2.66% (24h),,
2026-02-28 18:32:19,"$66,991.57",$1.33T,$41.78B,19.99M BTC,1.7% (24h),,
2026-02-28 18:55:16,"$66,988.88",$1.33T,$41.81B,19.99M BTC,1.69% (24h),,
2026-02-28 21:57:21,"$67,679.41",$1.35T,$46.88B,19.99M BTC,2.58% (24h),,
2026-03-01 00:02:24,"$67,390.94",$1.34T,$48.84B,19.99M BTC,2.63% (24h),,
2026-03-01 01:05:03,"$67,256.74",$1.34T,$49.13B,19.99M BTC,2.57% (24h),,
2026-03-01 02:05:11,"$66,835.17",$1.33T,$46.11B,19.99M BTC,5.17% (24h),,
2026-03-01 02:48:37,"$67,117.01",$1.34T,$43.88B,19.99M BTC,4.81% (24h),,
2026-03-01 03:02:42,"$67,147.59",$1.34T,$43.49B,19.99M BTC,5.5% (24h),,
2026-03-01 03:49:00,"$67,031.57",$1.34T,$43.29B,19.99M BTC,5.29% (24h),,
2026-03-01 04:18:50,"$66,749.73",$1.33T,$43.62B,19.99M BTC,4.88% (24h),,
2026-03-01 04:49:53,"$66,343.01",$1.32T,$43.62B,19.99M BTC,4.26% (24h),,
2026-03-01 05:15:16,"$66,514.00",$1.33T,$43.48B,19.99M BTC,4.63% (24h),,
2026-03-01 05:48:16,"$66,500.96",$1.32T,$42.6B,19.99M BTC,4.05% (24h),,
2026-03-01 06:03:20,"$66,459.51",$1.32T,$42.57B,19.99M BTC,3.61% (24h),,
2026-03-01 06:34:10,"$66,515.60",$1.33T,$41.93B,19.99M BTC,3.58% (24h),,
2026-03-01 06:53:15,"$66,442.88",$1.32T,$41.06B,19.99M BTC,3.77% (24h),,
2026-03-01 08:05:12,"$66,303.58",$1.32T,$40.96B,19.99M BTC,3.67% (24h),,
2026-03-01 08:49:59,"$66,376.97",$1.32T,$40.55B,19.99M BTC,3% (24h),,
2026-03-01 09:15:35,"$67,047.22",$1.34T,$40.26B,19.99M BTC,3.42% (24h),,
2026-03-01 09:46:33,"$66,858.39",$1.33T,$39.97B,19.99M BTC,2.84% (24h),,
2026-03-01 10:02:03,"$66,913.23",$1.33T,$39.68B,19.99M BTC,3.74% (24h),,
2026-03-01 10:37:33,"$67,131.47",$1.34T,$39.47B,19.99M BTC,3.45% (24h),,
2026-03-01 10:56:07,"$67,103.00",$1.34T,$39.39B,19.99M BTC,3.44% (24h),,
2026-03-01 11:39:18,"$67,017.01",$1.34T,$39.85B,19.99M BTC,3.23% (24h),,
2026-03-01 12:01:06,"$66,168.18",$1.32T,$40.41B,19.99M BTC,1.62% (24h),,
2026-03-01 12:35:25,"$66,054.97",$1.32T,$40.55B,19.99M BTC,1.42% (24h),,
2026-03-01 12:56:04,"$65,992.85",$1.31T,$40.6B,19.99M BTC,1.3% (24h),,
2026-03-01 13:45:22,"$66,385.05",$1.32T,$41.17B,19.99M BTC,1.07% (24h),,
2026-03-01 14:13:59,"$66,186.65",$1.32T,$40.55B,19.99M BTC,0.56% (24h),,
2026-03-01 14:41:23,"$66,031.36",$1.32T,$40.47B,19.99M BTC,0.73% (24h),,
2026-03-01 14:57:23,"$65,957.96",$1.31T,$39.81B,19.99M BTC,0.65% (24h),,
2026-03-01 15:37:14,"$65,252.69",$1.3T,$38.56B,19.99M BTC,2.25% (24h),,
2026-03-01 15:58:07,"$65,314.03",$1.3T,$39.96B,19.99M BTC,2.35% (24h),,
2026-03-01 16:33:30,"$65,601.19",$1.31T,$39.59B,19.99M BTC,1.28% (24h),,
2026-03-01 16:54:42,"$65,667.30",$1.31T,$39.7B,19.99M BTC,1.38% (24h),,
2026-03-01 17:33:35,"$65,757.15",$1.31T,$39.75B,19.99M BTC,2.03% (24h),,
2026-03-01 17:58:16,"$65,274.18",$1.3T,$39.98B,19.99M BTC,2.97% (24h),,
2026-03-01 18:34:42,"$65,630.47",$1.31T,$40.75B,19.99M BTC,1.99% (24h),,
2026-03-01 18:57:47,"$65,701.16",$1.31T,$40.73B,19.99M BTC,1.86% (24h),,
2026-03-01 21:47:09,"$66,317.95",$1.32T,$38.97B,19.99M BTC,2.66% (24h),,
2026-03-01 23:30:46,"$66,930.34",$1.33T,$38.28B,19.99M BTC,0.59% (24h),,
2026-03-02 00:40:32,"$66,789.12",$1.33T,$38.71B,19.99M BTC,1.07% (24h),,
2026-03-02 01:40:19,"$66,233.15",$1.32T,$38.57B,19.99M BTC,0.98% (24h),,
2026-03-02 02:40:37,"$65,949.60",$1.31T,$39.35B,19.99M BTC,1.83% (24h),,
2026-03-02 03:28:47,"$65,710.69",$1.31T,$39.58B,19.99M BTC,2.33% (24h),,
2026-03-02 04:13:42,"$66,402.31",$1.32T,$39.04B,19.99M BTC,0.28% (24h),,
2026-03-02 05:10:46,"$66,283.34",$1.32T,$39.98B,19.99M BTC,0.18% (24h),,
2026-03-02 06:05:31,"$66,273.38",$1.32T,$40.57B,19.99M BTC,0.29% (24h),,
2026-03-02 06:46:59,"$66,441.98",$1.32T,$40.36B,19.99M BTC,0.06% (24h),,
2026-03-02 07:27:42,"$66,132.72",$1.32T,$41.47B,19.99M BTC,0.5% (24h),,
2026-03-02 08:43:55,"$65,547.92",$1.31T,$41.83B,19.99M BTC,1.23% (24h),,
2026-03-02 09:34:57,"$66,295.78",$1.32T,$42.66B,19.99M BTC,1.03% (24h),,
2026-03-02 10:27:21,"$68,693.13",$1.37T,$48.26B,19.99M BTC,2.39% (24h),,
2026-03-02 12:08:43,"$69,354.05",$1.38T,$54.4B,19.99M BTC,4.87% (24h),,
2026-03-02 12:59:44,"$69,157.80",$1.38T,$55.44B,19.99M BTC,4.68% (24h),,
2026-03-02 14:03:43,"$68,843.29",$1.37T,$56.38B,19.99M BTC,3.76% (24h),,
2026-03-02 14:51:32,"$68,888.08",$1.37T,$57.04B,19.99M BTC,4.59% (24h),,
2026-03-02 15:28:18,"$68,996.53",$1.37T,$57.53B,19.99M BTC,5.4% (24h),,
2026-03-02 16:04:55,"$69,069.68",$1.38T,$57.57B,19.99M BTC,5.71% (24h),,
2026-03-02 16:50:54,"$69,484.34",$1.38T,$57.42B,19.99M BTC,5.8% (24h),,
2026-03-02 17:19:46,"$69,205.97",$1.38T,$57.39B,19.99M BTC,4.58% (24h),,
2026-03-02 17:53:06,"$69,323.09",$1.38T,$56.92B,19.99M BTC,6.22% (24h),,
2026-03-02 18:35:44,"$68,825.47",$1.37T,$56.38B,19.99M BTC,4.86% (24h),,
2026-03-02 19:00:18,"$68,821.05",$1.37T,$56.7B,19.99M BTC,4.65% (24h),,
2026-03-02 21:55:42,"$68,503.43",$1.36T,$55.15B,19.99M BTC,3.39% (24h),,
2026-03-02 23:54:25,"$68,131.65",$1.36T,$54.77B,19.99M BTC,2.05% (24h),,
2026-03-03 00:57:05,"$67,869.51",$1.35T,$54.73B,19.99M BTC,1.62% (24h),,
2026-03-03 02:05:56,"$68,082.75",$1.36T,$54.56B,19.99M BTC,3.12% (24h),,
2026-03-03 02:55:29,"$68,186.56",$1.36T,$54.68B,19.99M BTC,3.38% (24h),,
2026-03-03 03:54:57,"$67,105.87",$1.34T,$55.25B,19.99M BTC,1.34% (24h),,
2026-03-03 04:55:41,"$66,584.72",$1.33T,$56.19B,19.99M BTC,0.41% (24h),,
2026-03-03 05:52:35,"$66,833.84",$1.33T,$56.55B,19.99M BTC,0.92% (24h),,
2026-03-03 06:41:02,"$67,055.38",$1.34T,$56.66B,19.99M BTC,1.25% (24h),,
2026-03-03 07:02:51,"$67,100.98",$1.34T,$57.26B,19.99M BTC,1.13% (24h),,
2026-03-03 08:23:43,"$67,108.05",$1.34T,$57.85B,19.99M BTC,1.62% (24h),,
2026-03-03 09:13:11,"$67,185.79",$1.34T,$56.59B,19.99M BTC,2.48% (24h),,
2026-03-03 10:10:43,"$66,638.86",$1.33T,$54.28B,19.99M BTC,1.66% (24h),,
2026-03-03 11:04:23,"$67,796.48",$1.35T,$51.78B,19.99M BTC,1.98% (24h),,
2026-03-03 12:06:55,"$68,049.15",$1.36T,$51.05B,19.99M BTC,2.05% (24h),,
2026-03-03 13:00:16,"$68,322.68",$1.36T,$50.14B,19.99M BTC,1.24% (24h),,
2026-03-03 14:08:28,"$68,472.07",$1.36T,$50.63B,19.99M BTC,0.4% (24h),,
2026-03-03 14:53:15,"$68,618.20",$1.37T,$50.68B,19.99M BTC,0.52% (24h),,
2026-03-03 15:41:41,"$68,441.35",$1.36T,$50.45B,19.99M BTC,0.92% (24h),,
2026-03-03 16:07:35,"$68,024.06",$1.36T,$49.93B,19.99M BTC,1.65% (24h),,
2026-03-03 16:48:49,"$68,023.38",$1.36T,$49.79B,19.99M BTC,2.16% (24h),,
2026-03-03 17:17:30,"$68,315.75",$1.36T,$49.98B,19.99M BTC,1.32% (24h),,
2026-03-03 17:51:51,"$68,362.21",$1.36T,$49.42B,19.99M BTC,1.39% (24h),,
2026-03-03 18:21:11,"$68,543.92",$1.37T,$49.36B,19.99M BTC,1% (24h),,
2026-03-03 18:49:31,"$68,481.90",$1.36T,$49.03B,19.99M BTC,0.64% (24h),,
2026-03-03 19:56:34,"$68,126.85",$1.36T,$48.63B,19.99M BTC,1.2% (24h),,
2026-03-03 22:30:10,"$67,976.23",$1.35T,$49.36B,19.99M BTC,0.62% (24h),,
2026-03-03 23:57:54,"$67,813.27",$1.35T,$50.59B,19.99M BTC,0.43% (24h),,
2026-03-04 00:55:19,"$68,334.33",$1.36T,$49.11B,19.99M BTC,0.57% (24h),,
2026-03-04 02:00:55,"$68,523.32",$1.37T,$50.66B,19.99M BTC,0.58% (24h),,
2026-03-04 02:48:57,"$69,414.86",$1.38T,$51.06B,19.99M BTC,1.8% (24h),,
2026-03-04 03:24:14,"$69,233.98",$1.38T,$52.58B,19.99M BTC,1.9% (24h),,
2026-03-04 04:08:15,"$70,899.08",$1.41T,$55.19B,19.99M BTC,5.73% (24h),,
2026-03-04 04:59:19,"$71,472.71",$1.42T,$58.5B,19.99M BTC,7.23% (24h),,
2026-03-04 05:52:46,"$71,413.98",$1.42T,$60.04B,19.99M BTC,6.9% (24h),,
2026-03-04 06:39:08,"$70,964.57",$1.41T,$60.48B,19.99M BTC,5.91% (24h),,
2026-03-04 07:00:56,"$71,108.14",$1.42T,$60.63B,19.99M BTC,6.06% (24h),,
2026-03-04 08:21:32,"$71,332.92",$1.42T,$61.67B,19.99M BTC,6.23% (24h),,
2026-03-04 09:10:32,"$71,592.53",$1.43T,$62.67B,19.99M BTC,6.51% (24h),,
2026-03-04 10:00:10,"$71,702.91",$1.43T,$65.17B,19.99M BTC,7.71% (24h),,
2026-03-04 10:56:35,"$73,088.19",$1.46T,$67.84B,19.99M BTC,8.24% (24h),,
2026-03-04 11:58:30,"$73,300.15",$1.46T,$68.45B,19.99M BTC,7.21% (24h),,
2026-03-04 12:51:10,"$73,356.09",$1.46T,$69.9B,19.99M BTC,7.45% (24h),,
2026-03-04 13:37:30,"$73,236.62",$1.46T,$70.05B,19.99M BTC,6.4% (24h),,
2026-03-04 14:27:59,"$73,629.99",$1.47T,$71.54B,19.99M BTC,7.07% (24h),,
2026-03-04 15:02:12,"$73,671.89",$1.47T,$72.48B,19.99M BTC,7.56% (24h),,
2026-03-04 15:49:46,"$73,488.77",$1.46T,$72.92B,19.99M BTC,7.51% (24h),,
2026-03-04 16:24:05,"$73,167.73",$1.46T,$73.22B,19.99M BTC,7.43% (24h),,
2026-03-04 16:59:59,"$73,332.45",$1.46T,$73.79B,19.99M BTC,7.73% (24h),,
2026-03-04 17:47:42,"$72,848.09",$1.45T,$73.71B,19.99M BTC,6.54% (24h),,
2026-03-04 18:19:17,"$72,762.57",$1.45T,$74.33B,19.99M BTC,6.17% (24h),,
2026-03-04 18:49:58,"$72,729.37",$1.45T,$74.36B,19.99M BTC,6.2% (24h),,
2026-03-04 20:04:50,"$72,735.80",$1.45T,$74.8B,19.99M BTC,6.59% (24h),,
2026-03-04 22:39:04,"$72,405.93",$1.44T,$74.5B,19.99M BTC,7.1% (24h),,
2026-03-05 00:06:35,"$72,784.91",$1.45T,$74.49B,19.99M BTC,7.35% (24h),,
2026-03-05 01:04:12,"$72,431.03",$1.44T,$74.84B,19.99M BTC,6.34% (24h),,
2026-03-05 02:11:33,"$72,589.36",$1.45T,$74.79B,19.99M BTC,6.08% (24h),,
2026-03-05 02:57:41,"$71,976.66",$1.43T,$74.26B,19.99M BTC,3.65% (24h),,
2026-03-05 03:57:42,"$72,354.00",$1.44T,$70.79B,19.99M BTC,2.12% (24h),,
2026-03-05 04:57:20,"$72,567.68",$1.45T,$67.26B,19.99M BTC,1.59% (24h),,
2026-03-05 05:54:03,"$73,457.22",$1.46T,$66.36B,19.99M BTC,2.92% (24h),,
2026-03-05 06:41:41,"$72,839.37",$1.45T,$66.64B,19.99M BTC,2.49% (24h),,
2026-03-05 07:05:34,"$72,791.00",$1.45T,$67.04B,19.99M BTC,2.53% (24h),,
2026-03-05 08:37:32,"$72,384.92",$1.44T,$65.21B,19.99M BTC,1.47% (24h),,
2026-03-05 09:30:25,"$72,581.12",$1.45T,$62.62B,19.99M BTC,1.15% (24h),,
2026-03-05 10:31:51,"$71,219.44",$1.42T,$61.71B,19.99M BTC,2.25% (24h),,
2026-03-05 12:46:20,"$70,829.75",$1.41T,$57.9B,19.99M BTC,3.23% (24h),,
2026-03-05 14:03:28,"$71,169.09",$1.42T,$56.96B,19.99M BTC,3.41% (24h),,
2026-03-05 15:01:39,"$70,948.57",$1.41T,$54.09B,19.99M BTC,3.69% (24h),,
2026-03-05 15:52:14,"$71,050.71",$1.42T,$53.73B,19.99M BTC,3.2% (24h),,
2026-03-05 16:45:07,"$71,194.12",$1.42T,$52.77B,19.99M BTC,2.82% (24h),,
2026-03-05 17:17:31,"$71,150.11",$1.42T,$52.68B,19.99M BTC,2.88% (24h),,
2026-03-05 18:33:44,"$70,973.09",$1.41T,$51.79B,19.99M BTC,1.94% (24h),,
2026-03-05 19:59:58,"$70,950.01",$1.41T,$50.42B,19.99M BTC,2.57% (24h),,
2026-03-05 22:33:58,"$71,158.63",$1.42T,$49.88B,19.99M BTC,1.81% (24h),,
2026-03-06 00:03:08,"$70,588.40",$1.41T,$49.64B,19.99M BTC,3.15% (24h),,
2026-03-06 01:00:34,"$70,434.33",$1.4T,$49.57B,19.99M BTC,2.73% (24h),,
2026-03-06 02:05:21,"$70,787.68",$1.41T,$49.02B,19.99M BTC,2.33% (24h),,
2026-03-06 02:52:44,"$71,107.54",$1.42T,$49.24B,19.99M BTC,1.15% (24h),,
2026-03-06 03:51:31,"$70,882.82",$1.41T,$47.71B,19.99M BTC,1.88% (24h),,
2026-03-06 04:31:41,"$70,409.36",$1.4T,$46.74B,19.99M BTC,3.1% (24h),,
2026-03-06 05:06:16,"$70,684.21",$1.41T,$45.7B,19.99M BTC,2.6% (24h),,
2026-03-06 05:56:19,"$70,521.83",$1.41T,$45.07B,19.99M BTC,4.11% (24h),,
2026-03-06 06:37:55,"$70,598.01",$1.41T,$44.04B,19.99M BTC,3.38% (24h),,
2026-03-06 06:59:47,"$70,212.15",$1.4T,$42.45B,19.99M BTC,3.66% (24h),,
2026-03-06 08:19:06,"$69,986.38",$1.39T,$44.58B,19.99M BTC,3.62% (24h),,
2026-03-06 09:06:13,"$69,010.20",$1.38T,$45.31B,19.99M BTC,4.92% (24h),,
2026-03-06 09:58:06,"$68,341.32",$1.36T,$47.32B,19.99M BTC,5.69% (24h),,
2026-03-06 10:51:41,"$68,355.80",$1.36T,$46.51B,19.99M BTC,4.28% (24h),,
2026-03-06 12:11:08,"$68,550.99",$1.37T,$45.32B,19.99M BTC,3.52% (24h),,
2026-03-06 12:55:02,"$67,956.25",$1.35T,$45.69B,19.99M BTC,4.14% (24h),,
2026-03-06 13:58:32,"$68,239.37",$1.36T,$44.98B,19.99M BTC,3.88% (24h),,
2026-03-06 14:41:19,"$68,263.58",$1.36T,$44.76B,19.99M BTC,3.92% (24h),,
2026-03-06 15:03:17,"$68,227.81",$1.36T,$44.87B,19.99M BTC,3.86% (24h),,
2026-03-06 15:49:50,"$68,086.01",$1.36T,$44.9B,19.99M BTC,4.31% (24h),,
2026-03-06 16:20:34,"$68,107.77",$1.36T,$44.96B,19.99M BTC,4.7% (24h),,
2026-03-06 16:51:14,"$68,276.96",$1.36T,$44.7B,19.99M BTC,4.23% (24h),,
2026-03-06 17:21:03,"$68,340.20",$1.36T,$44.78B,19.99M BTC,4.07% (24h),,
2026-03-06 17:54:16,"$68,413.36",$1.36T,$44.31B,19.99M BTC,4.07% (24h),,
2026-03-06 18:36:48,"$68,274.61",$1.36T,$44.16B,19.99M BTC,3.77% (24h),,
2026-03-06 18:59:09,"$68,126.02",$1.36T,$43.77B,19.99M BTC,3.83% (24h),,
2026-03-06 21:40:44,"$68,146.06",$1.36T,$41.66B,19.99M BTC,4.32% (24h),,
2026-03-06 23:16:24,"$67,980.69",$1.35T,$41.12B,19.99M BTC,4.13% (24h),,
2026-03-07 00:13:45,"$67,980.29",$1.35T,$41.01B,19.99M BTC,3.49% (24h),,
2026-03-07 00:56:52,"$68,047.61",$1.36T,$40.43B,19.99M BTC,3.23% (24h),,
2026-03-07 01:54:20,"$67,734.88",$1.35T,$39.8B,19.99M BTC,4.08% (24h),,
2026-03-07 02:36:31,"$67,757.39",$1.35T,$39.99B,19.99M BTC,4.46% (24h),,
2026-03-07 02:57:01,"$67,824.28",$1.35T,$39.82B,19.99M BTC,4.6% (24h),,
2026-03-07 03:42:05,"$67,920.03",$1.35T,$39.49B,19.99M BTC,4.34% (24h),,
2026-03-07 04:04:10,"$67,757.91",$1.35T,$38.96B,19.99M BTC,4.27% (24h),,
2026-03-07 04:44:15,"$67,976.21",$1.35T,$38.72B,19.99M BTC,3.57% (24h),,
2026-03-07 05:02:09,"$67,988.28",$1.35T,$38.49B,19.99M BTC,3.69% (24h),,
2026-03-07 05:42:05,"$67,990.91",$1.35T,$38.34B,19.99M BTC,3.62% (24h),,
2026-03-07 06:02:51,"$67,878.09",$1.35T,$38.09B,19.99M BTC,3.72% (24h),,
2026-03-07 06:33:48,"$68,104.90",$1.36T,$38B,19.99M BTC,3.43% (24h),,
2026-03-07 06:53:26,"$68,067.51",$1.36T,$37.86B,19.99M BTC,3.11% (24h),,
2026-03-07 08:03:44,"$68,042.18",$1.36T,$35.59B,19.99M BTC,2.72% (24h),,
2026-03-07 08:49:54,"$67,910.19",$1.35T,$33.87B,19.99M BTC,2.87% (24h),,
2026-03-07 09:15:55,"$67,743.98",$1.35T,$31.5B,19.99M BTC,1.56% (24h),,
2026-03-07 09:46:27,"$68,034.72",$1.36T,$29.72B,19.99M BTC,1.04% (24h),,
2026-03-07 10:02:21,"$67,964.39",$1.35T,$28.93B,19.99M BTC,0.62% (24h),,
2026-03-07 10:37:51,"$67,966.82",$1.35T,$27.63B,19.99M BTC,1.42% (24h),,
2026-03-07 10:56:24,"$67,902.13",$1.35T,$27.02B,19.99M BTC,0.89% (24h),,
2026-03-07 11:38:19,"$67,808.48",$1.35T,$26.32B,19.99M BTC,1.1% (24h),,
2026-03-07 11:59:39,"$67,819.51",$1.35T,$25.78B,19.99M BTC,0.95% (24h),,
2026-03-07 12:32:58,"$67,875.37",$1.35T,$25.05B,19.99M BTC,0.52% (24h),,
2026-03-07 12:55:23,"$67,873.08",$1.35T,$23.94B,19.99M BTC,0.13% (24h),,
2026-03-07 13:45:03,"$67,629.30",$1.35T,$23.53B,19.99M BTC,1.17% (24h),,
2026-03-07 14:12:25,"$67,550.01",$1.35T,$22.91B,19.99M BTC,1.11% (24h),,
2026-03-07 14:41:11,"$67,324.65",$1.34T,$22.91B,19.99M BTC,1.34% (24h),,
2026-03-07 14:56:28,"$67,031.16",$1.34T,$22.96B,19.99M BTC,1.55% (24h),,
2026-03-07 15:35:46,"$67,288.20",$1.34T,$23.79B,19.99M BTC,0.81% (24h),,
2026-03-07 15:57:26,"$67,414.38",$1.34T,$23.56B,19.99M BTC,0.99% (24h),,
2026-03-07 16:31:48,"$67,405.03",$1.34T,$23.37B,19.99M BTC,0.89% (24h),,
2026-03-07 16:50:41,"$67,328.14",$1.34T,$23.18B,19.99M BTC,1.39% (24h),,
2026-03-07 17:14:36,"$67,371.16",$1.34T,$23.09B,19.99M BTC,1.35% (24h),,
2026-03-07 17:45:27,"$67,278.65",$1.34T,$23.23B,19.99M BTC,1.6% (24h),,
2026-03-07 18:01:49,"$67,240.66",$1.34T,$23.29B,19.99M BTC,1.71% (24h),,
2026-03-07 18:36:25,"$67,382.00",$1.34T,$23.33B,19.99M BTC,1.33% (24h),,
2026-03-07 18:56:16,"$67,274.71",$1.34T,$23.25B,19.99M BTC,1.22% (24h),,
2026-03-07 21:47:15,"$67,297.04",$1.34T,$23.39B,19.99M BTC,1.28% (24h),,
2026-03-07 23:28:07,"$67,032.83",$1.34T,$24.11B,19.99M BTC,1.49% (24h),,
2026-03-08 00:32:45,"$67,157.95",$1.34T,$24.47B,19.99M BTC,1.23% (24h),,
2026-03-08 01:25:46,"$67,128.89",$1.34T,$24.62B,19.99M BTC,1.18% (24h),,
2026-03-08 03:09:41,"$67,335.38",$1.34T,$24.02B,19.99M BTC,0.26% (24h),,
2026-03-08 03:47:20,"$67,317.07",$1.34T,$24.18B,19.99M BTC,0.74% (24h),,
2026-03-08 04:02:12,"$67,299.34",$1.34T,$24.16B,19.99M BTC,0.76% (24h),,
2026-03-08 04:49:07,"$67,478.57",$1.34T,$24.46B,19.99M BTC,0.61% (24h),,
2026-03-08 05:18:07,"$67,781.33",$1.35T,$24.6B,19.99M BTC,0.36% (24h),,
2026-03-08 05:49:51,"$67,721.56",$1.35T,$25.18B,19.99M BTC,0.43% (24h),,
2026-03-08 06:15:28,"$67,862.53",$1.35T,$25.26B,19.99M BTC,0.33% (24h),,
2026-03-08 06:48:15,"$67,927.56",$1.35T,$25.75B,19.99M BTC,0.04% (24h),,
2026-03-08 07:12:04,"$67,567.56",$1.35T,$25.87B,19.99M BTC,0.56% (24h),,
2026-03-08 07:40:58,"$67,542.23",$1.35T,$25.93B,19.99M BTC,0.82% (24h),,
2026-03-08 07:57:13,"$67,542.57",$1.35T,$26.03B,19.99M BTC,0.76% (24h),,
2026-03-08 09:07:20,"$67,244.74",$1.34T,$26.98B,19.99M BTC,1.06% (24h),,
2026-03-08 09:50:53,"$67,156.17",$1.34T,$28.29B,19.99M BTC,1.11% (24h),,
2026-03-08 10:18:55,"$67,327.56",$1.34T,$28.31B,19.99M BTC,0.63% (24h),,
2026-03-08 10:47:50,"$67,118.02",$1.34T,$28.47B,19.99M BTC,1.36% (24h),,
2026-03-08 11:12:30,"$67,308.77",$1.34T,$28.42B,19.99M BTC,0.93% (24h),,
2026-03-08 11:43:39,"$67,207.90",$1.34T,$28.48B,19.99M BTC,0.89% (24h),,
2026-03-08 12:02:01,"$67,196.12",$1.34T,$28.57B,19.99M BTC,0.96% (24h),,
2026-03-08 12:46:28,"$66,903.96",$1.33T,$28.87B,19.99M BTC,1.3% (24h),,
2026-03-08 13:13:22,"$67,071.27",$1.34T,$29.21B,19.99M BTC,1.11% (24h),,
2026-03-08 13:45:09,"$67,040.17",$1.34T,$29.59B,19.99M BTC,1.23% (24h),,
2026-03-08 14:02:07,"$67,041.41",$1.34T,$29.5B,19.99M BTC,1.01% (24h),,
2026-03-08 14:52:34,"$66,798.92",$1.33T,$29.06B,19.99M BTC,1.13% (24h),,
2026-03-08 15:32:03,"$67,266.50",$1.34T,$28.87B,19.99M BTC,0.03% (24h),,
2026-03-08 15:54:22,"$67,315.45",$1.34T,$28.83B,19.99M BTC,0.42% (24h),,
2026-03-08 16:37:05,"$67,349.39",$1.34T,$28.27B,19.99M BTC,0.06% (24h),,
2026-03-08 16:58:22,"$67,224.65",$1.34T,$28.39B,19.99M BTC,0.28% (24h),,
2026-03-08 17:34:23,"$66,971.53",$1.33T,$29.47B,19.99M BTC,0.64% (24h),,
2026-03-08 17:55:33,"$67,014.10",$1.34T,$29.26B,19.99M BTC,0.54% (24h),,
2026-03-08 18:33:22,"$65,913.33",$1.31T,$32.14B,19.99M BTC,2.05% (24h),,
2026-03-08 18:57:52,"$66,213.56",$1.32T,$31.57B,19.99M BTC,1.51% (24h),,
2026-03-08 19:35:18,"$66,427.42",$1.32T,$32.82B,19.99M BTC,1.38% (24h),,
2026-03-08 19:56:58,"$66,064.96",$1.32T,$33.01B,19.99M BTC,1.79% (24h),,
2026-03-08 22:52:30,"$66,655.51",$1.33T,$36.36B,19.99M BTC,0.37% (24h),,
2026-03-09 01:00:30,"$67,167.91",$1.34T,$37.04B,19.99M BTC,0.79% (24h),,
2026-03-09 02:07:54,"$67,651.93",$1.35T,$38.49B,19.99M BTC,0.71% (24h),,
2026-03-09 03:18:23,"$67,080.79",$1.34T,$39.33B,19.99M BTC,0.45% (24h),,
2026-03-09 04:02:23,"$67,588.93",$1.35T,$39.92B,19.99M BTC,0.43% (24h),,
2026-03-09 05:03:19,"$67,775.24",$1.35T,$40.87B,19.99M BTC,0.44% (24h),,
2026-03-09 06:07:24,"$68,037.81",$1.36T,$41.48B,19.99M BTC,0.32% (24h),,
2026-03-09 07:04:25,"$67,661.75",$1.35T,$42.04B,19.99M BTC,0.19% (24h),,
2026-03-09 07:50:39,"$67,597.22",$1.35T,$41.86B,19.99M BTC,0.12% (24h),,
2026-03-09 08:35:46,"$68,024.08",$1.36T,$41.75B,19.99M BTC,1.04% (24h),,
2026-03-09 09:52:44,"$69,054.22",$1.38T,$43.05B,19.99M BTC,2.8% (24h),,
2026-03-09 11:00:54,"$69,165.87",$1.38T,$46.63B,19.99M BTC,2.74% (24h),,
2026-03-09 12:09:56,"$68,885.44",$1.37T,$48.26B,20M BTC,2.51% (24h),,
2026-03-09 13:11:41,"$69,059.78",$1.38T,$49.25B,20M BTC,2.95% (24h),,
2026-03-09 14:03:30,"$68,495.86",$1.36T,$49.83B,20M BTC,2.21% (24h),,
2026-03-09 15:11:06,"$68,496.60",$1.36T,$50.84B,20M BTC,2.25% (24h),,
2026-03-09 15:54:26,"$68,978.59",$1.37T,$52.43B,20M BTC,2.47% (24h),,
2026-03-09 16:43:34,"$68,927.61",$1.37T,$52.58B,20M BTC,2.24% (24h),,
2026-03-09 17:20:10,"$68,958.39",$1.37T,$52.31B,20M BTC,3.13% (24h),,
2026-03-09 17:53:59,"$68,959.41",$1.37T,$52.48B,20M BTC,3% (24h),,
2026-03-09 18:38:36,"$68,718.10",$1.37T,$50.06B,20M BTC,3.74% (24h),,
2026-03-09 19:02:46,"$68,615.97",$1.37T,$49.88B,20M BTC,3.59% (24h),,
2026-03-09 19:42:53,"$68,591.40",$1.37T,$49.57B,20M BTC,3.54% (24h),,
2026-03-09 20:02:42,"$68,406.24",$1.36T,$49.4B,20M BTC,3.56% (24h),,
2026-03-09 22:50:28,"$70,535.63",$1.41T,$49.05B,20M BTC,5.9% (24h),,
2026-03-10 00:28:05,"$69,798.49",$1.39T,$49.48B,20M BTC,3.27% (24h),,
2026-03-10 01:35:48,"$70,117.76",$1.4T,$50.01B,20M BTC,3.7% (24h),,
2026-03-10 02:30:36,"$70,133.47",$1.4T,$48.68B,20M BTC,3.89% (24h),,
2026-03-10 03:29:18,"$70,311.48",$1.4T,$49.58B,20M BTC,4.56% (24h),,
2026-03-10 04:04:31,"$70,501.73",$1.41T,$49.74B,20M BTC,4.41% (24h),,
2026-03-10 05:01:17,"$70,698.91",$1.41T,$50.34B,20M BTC,4.25% (24h),,
2026-03-10 05:59:13,"$71,042.29",$1.42T,$50.62B,20M BTC,4.49% (24h),,
2026-03-10 06:56:25,"$70,856.94",$1.41T,$50.13B,20M BTC,4.79% (24h),,
2026-03-10 07:40:18,"$70,626.49",$1.41T,$51.05B,20M BTC,4.41% (24h),,
2026-03-10 08:03:41,"$70,569.40",$1.41T,$51.18B,20M BTC,4.05% (24h),,
2026-03-10 09:38:40,"$69,940.65",$1.39T,$50.36B,20M BTC,1.69% (24h),,
2026-03-10 10:31:55,"$69,928.46",$1.39T,$50.19B,20M BTC,1.02% (24h),,
2026-03-10 11:42:02,"$71,026.18",$1.42T,$51.56B,20M BTC,3.2% (24h),,
2026-03-10 12:43:57,"$71,364.38",$1.42T,$52.56B,20M BTC,3.32% (24h),,
2026-03-10 13:37:20,"$70,839.80",$1.41T,$52.5B,20M BTC,3.27% (24h),,
2026-03-10 14:30:10,"$70,356.49",$1.4T,$53.07B,20M BTC,2.62% (24h),,
2026-03-10 15:25:52,"$70,089.95",$1.4T,$54.35B,20M BTC,1.57% (24h),,
2026-03-10 16:01:52,"$70,081.88",$1.4T,$53.33B,20M BTC,1.44% (24h),,
2026-03-10 16:50:49,"$70,287.85",$1.4T,$53.27B,20M BTC,2.04% (24h),,
2026-03-10 17:23:26,"$70,026.17",$1.4T,$53.18B,20M BTC,1.65% (24h),,
2026-03-10 17:54:02,"$69,761.16",$1.39T,$53.28B,20M BTC,1.16% (24h),,
2026-03-10 18:37:51,"$69,528.79",$1.39T,$53.7B,20M BTC,1.2% (24h),,
2026-03-10 19:02:51,"$69,804.66",$1.39T,$53.41B,20M BTC,1.72% (24h),,
2026-03-10 19:39:38,"$69,937.72",$1.39T,$53.76B,20M BTC,1.94% (24h),,
2026-03-10 19:59:21,"$69,929.15",$1.39T,$54B,20M BTC,2.23% (24h),,
2026-03-10 22:46:58,"$69,665.89",$1.39T,$52.69B,20M BTC,0.99% (24h),,
2026-03-11 00:26:58,"$69,934.64",$1.39T,$51.84B,20M BTC,0.25% (24h),,
2026-03-11 01:36:34,"$69,870.20",$1.39T,$51.43B,20M BTC,0.33% (24h),,
2026-03-11 02:33:51,"$69,900.12",$1.39T,$51.55B,20M BTC,0.25% (24h),,
2026-03-11 03:32:23,"$69,760.00",$1.39T,$50.46B,20M BTC,0.82% (24h),,
2026-03-11 04:06:43,"$69,726.80",$1.39T,$50.06B,20M BTC,1.19% (24h),,
2026-03-11 05:02:00,"$69,600.99",$1.39T,$48.78B,20M BTC,1.54% (24h),,
2026-03-11 05:59:06,"$69,432.49",$1.38T,$47.73B,20M BTC,2.25% (24h),,
2026-03-11 06:56:16,"$69,605.69",$1.39T,$46.35B,20M BTC,1.77% (24h),,
2026-03-11 07:41:45,"$69,469.78",$1.38T,$47B,20M BTC,1.63% (24h),,
2026-03-11 08:03:54,"$69,150.67",$1.38T,$47.04B,20M BTC,2% (24h),,
2026-03-11 09:38:28,"$70,906.85",$1.41T,$47.57B,20M BTC,1.33% (24h),,
2026-03-11 10:33:31,"$70,589.19",$1.41T,$48.29B,20M BTC,1.06% (24h),,
2026-03-11 11:35:25,"$70,069.03",$1.4T,$47.56B,20M BTC,1.67% (24h),,
2026-03-11 12:34:15,"$70,644.48",$1.41T,$46.96B,20M BTC,0.96% (24h),,
2026-03-11 13:34:57,"$71,033.64",$1.42T,$47.93B,20M BTC,0.16% (24h),,
2026-03-11 14:34:46,"$70,734.77",$1.41T,$48.17B,20M BTC,0.6% (24h),,
2026-03-11 15:30:54,"$70,543.38",$1.41T,$47.24B,20M BTC,0.8% (24h),,
2026-03-11 16:03:20,"$70,550.67",$1.41T,$46.79B,20M BTC,0.7% (24h),,
2026-03-11 16:50:55,"$70,570.00",$1.41T,$46.62B,20M BTC,0.41% (24h),,
2026-03-11 17:25:27,"$70,608.93",$1.41T,$46.4B,20M BTC,0.78% (24h),,
2026-03-11 17:58:33,"$70,762.77",$1.41T,$45.93B,20M BTC,1.37% (24h),,
2026-03-11 18:37:51,"$70,360.31",$1.4T,$45.6B,20M BTC,1.18% (24h),,
2026-03-11 18:59:13,"$70,365.36",$1.4T,$45.89B,20M BTC,0.94% (24h),,
2026-03-11 19:38:00,"$70,370.34",$1.4T,$45.69B,20M BTC,0.64% (24h),,
2026-03-11 19:59:36,"$70,198.20",$1.4T,$45.24B,20M BTC,0.38% (24h),,
2026-03-11 22:52:18,"$69,281.90",$1.38T,$44.58B,20M BTC,0.63% (24h),,
2026-03-12 00:55:04,"$69,386.55",$1.38T,$43.57B,20M BTC,1.23% (24h),,
2026-03-12 01:59:11,"$69,438.85",$1.38T,$43.38B,20M BTC,0.16% (24h),,
2026-03-12 03:10:33,"$69,449.13",$1.38T,$43.44B,20M BTC,0.68% (24h),,
2026-03-12 03:57:51,"$69,806.89",$1.39T,$43.46B,20M BTC,0.17% (24h),,
2026-03-12 04:57:49,"$69,858.35",$1.39T,$43.83B,20M BTC,0.42% (24h),,
2026-03-12 05:56:46,"$69,960.28",$1.39T,$43.72B,20M BTC,0.49% (24h),,
2026-03-12 06:52:00,"$70,400.41",$1.4T,$44.61B,20M BTC,1.13% (24h),,
2026-03-12 07:38:28,"$70,630.64",$1.41T,$44.78B,20M BTC,1.6% (24h),,
2026-03-12 08:01:09,"$70,433.49",$1.4T,$45.12B,20M BTC,1.77% (24h),,
2026-03-12 09:25:35,"$70,126.36",$1.4T,$43.9B,20M BTC,0.22% (24h),,
2026-03-12 10:29:45,"$70,028.54",$1.4T,$41.79B,20M BTC,0.6% (24h),,
2026-03-12 11:35:54,"$70,278.46",$1.4T,$42.5B,20M BTC,0.27% (24h),,
2026-03-12 12:42:48,"$70,429.72",$1.4T,$43.14B,20M BTC,0.36% (24h),,
2026-03-12 13:40:05,"$70,415.61",$1.4T,$41.92B,20M BTC,0.38% (24h),,
2026-03-12 14:34:40,"$69,981.23",$1.39T,$40.51B,20M BTC,0.99% (24h),,
2026-03-12 15:30:48,"$70,285.04",$1.4T,$40.1B,20M BTC,0.37% (24h),,
2026-03-12 16:03:43,"$70,477.20",$1.4T,$40.93B,20M BTC,0.11% (24h),,
2026-03-12 16:52:39,"$70,246.66",$1.4T,$41.31B,20M BTC,0.44% (24h),,
2026-03-12 17:42:24,"$70,250.72",$1.4T,$40.98B,20M BTC,0.59% (24h),,
2026-03-12 18:13:33,"$70,260.79",$1.4T,$40.93B,20M BTC,0.81% (24h),,
2026-03-12 18:49:57,"$70,052.09",$1.4T,$40.65B,20M BTC,0.62% (24h),,
2026-03-12 19:17:53,"$70,516.72",$1.41T,$40.64B,20M BTC,0.1% (24h),,
2026-03-12 19:47:18,"$70,541.29",$1.41T,$41.04B,20M BTC,0.4% (24h),,
2026-03-12 20:56:48,"$71,311.23",$1.42T,$43.38B,20M BTC,1.56% (24h),,
2026-03-12 23:32:51,"$71,048.99",$1.42T,$44.93B,20M BTC,2.32% (24h),,
2026-03-13 01:06:43,"$71,308.77",$1.42T,$45.69B,20M BTC,2.73% (24h),,
2026-03-13 02:04:58,"$71,485.18",$1.42T,$45.47B,20M BTC,2.97% (24h),,
2026-03-13 03:12:46,"$71,488.89",$1.42T,$46.52B,20M BTC,2.88% (24h),,
2026-03-13 04:00:38,"$71,605.88",$1.43T,$47.01B,20M BTC,2.54% (24h),,
2026-03-13 04:56:43,"$71,809.29",$1.43T,$47.64B,20M BTC,2.74% (24h),,
2026-03-13 05:51:45,"$72,075.66",$1.44T,$47.96B,20M BTC,3.03% (24h),,
2026-03-13 06:30:49,"$72,358.68",$1.44T,$48.58B,20M BTC,3.13% (24h),,
2026-03-13 07:08:26,"$72,374.15",$1.44T,$49.07B,20M BTC,2.77% (24h),,
2026-03-13 07:47:21,"$72,291.47",$1.44T,$48.92B,20M BTC,2.26% (24h),,
2026-03-13 08:28:51,"$72,367.58",$1.44T,$48.38B,20M BTC,2.76% (24h),,
2026-03-13 09:43:54,"$73,109.67",$1.46T,$51.35B,20M BTC,4.1% (24h),,
2026-03-13 10:34:20,"$73,811.19",$1.47T,$52.67B,20M BTC,5.82% (24h),,
2026-03-13 11:29:36,"$72,485.67",$1.44T,$55.34B,20M BTC,3% (24h),,
2026-03-13 12:06:56,"$71,616.51",$1.43T,$56.62B,20M BTC,1.68% (24h),,
2026-03-13 12:59:08,"$71,923.61",$1.43T,$57.79B,20M BTC,2.13% (24h),,
2026-03-13 13:49:02,"$71,187.42",$1.42T,$59B,20M BTC,1.2% (24h),,
2026-03-13 14:26:18,"$70,996.06",$1.42T,$60.11B,20M BTC,1.35% (24h),,
2026-03-13 15:11:26,"$71,241.76",$1.42T,$60.19B,20M BTC,1.96% (24h),,
2026-03-13 15:50:13,"$71,179.16",$1.42T,$60.38B,20M BTC,1.05% (24h),,
2026-03-13 16:23:01,"$71,434.82",$1.42T,$60.09B,20M BTC,1.57% (24h),,
2026-03-13 17:03:15,"$71,394.40",$1.42T,$60.55B,20M BTC,1.54% (24h),,
2026-03-13 17:48:45,"$71,188.43",$1.42T,$60.86B,20M BTC,1.27% (24h),,
2026-03-13 18:18:27,"$70,819.16",$1.41T,$61.13B,20M BTC,0.94% (24h),,
2026-03-13 18:50:02,"$70,762.64",$1.41T,$61.42B,20M BTC,0.92% (24h),,
2026-03-13 19:19:24,"$70,901.03",$1.41T,$61.22B,20M BTC,0.53% (24h),,
2026-03-13 19:49:56,"$70,975.80",$1.41T,$61.14B,20M BTC,0.6% (24h),,
2026-03-13 20:56:25,"$70,667.16",$1.41T,$57.79B,20M BTC,0.94% (24h),,
2026-03-13 23:31:17,"$71,057.93",$1.42T,$56.7B,20M BTC,0.01% (24h),,
2026-03-14 01:02:11,"$71,056.34",$1.42T,$56.11B,20M BTC,0.42% (24h),,
2026-03-14 02:01:25,"$71,000.43",$1.42T,$55.8B,20M BTC,0.81% (24h),,
2026-03-14 03:03:47,"$70,684.91",$1.41T,$55.37B,20M BTC,0.86% (24h),,
2026-03-14 03:51:54,"$70,569.08",$1.41T,$54.13B,20M BTC,1.5% (24h),,
2026-03-14 04:26:58,"$70,686.73",$1.41T,$54.39B,20M BTC,1.17% (24h),,
2026-03-14 05:02:58,"$70,621.77",$1.41T,$53.14B,20M BTC,1.79% (24h),,
2026-03-14 05:49:25,"$70,455.31",$1.4T,$52.28B,20M BTC,2.12% (24h),,
2026-03-14 06:16:39,"$70,519.30",$1.41T,$51.63B,20M BTC,2.55% (24h),,
2026-03-14 06:52:01,"$70,537.17",$1.41T,$50.85B,20M BTC,2.67% (24h),,
2026-03-14 07:32:26,"$70,663.36",$1.41T,$49.93B,20M BTC,2.28% (24h),,
2026-03-14 07:57:39,"$70,714.64",$1.41T,$49.71B,20M BTC,2.19% (24h),,
2026-03-14 09:12:56,"$70,761.58",$1.41T,$47.69B,20M BTC,2.72% (24h),,
2026-03-14 09:58:54,"$70,877.13",$1.41T,$44.54B,20M BTC,3.47% (24h),,
2026-03-14 10:40:01,"$70,749.70",$1.41T,$41.65B,20M BTC,3.71% (24h),,
2026-03-14 11:03:19,"$70,708.29",$1.41T,$38.87B,20M BTC,2.12% (24h),,
2026-03-14 11:42:52,"$70,549.36",$1.41T,$35.52B,20M BTC,2.37% (24h),,
2026-03-14 12:04:08,"$70,541.55",$1.41T,$34.06B,20M BTC,1.68% (24h),,
2026-03-14 12:49:23,"$70,667.11",$1.41T,$31.66B,20M BTC,1.64% (24h),,
2026-03-14 13:17:02,"$70,707.82",$1.41T,$30.63B,20M BTC,1.99% (24h),,
2026-03-14 13:49:05,"$70,668.99",$1.41T,$29.45B,20M BTC,0.71% (24h),,
2026-03-14 14:20:13,"$70,592.66",$1.41T,$27.27B,20M BTC,0.55% (24h),,
2026-03-14 15:02:18,"$70,620.87",$1.41T,$26.15B,20M BTC,0.61% (24h),,
2026-03-14 15:41:10,"$70,690.82",$1.41T,$25.54B,20M BTC,0.55% (24h),,
2026-03-14 15:59:55,"$70,708.77",$1.41T,$25.27B,20M BTC,0.63% (24h),,
2026-03-14 16:42:34,"$70,796.20",$1.41T,$24.72B,20M BTC,0.71% (24h),,
2026-03-14 17:15:26,"$70,681.56",$1.41T,$24.35B,20M BTC,1.01% (24h),,
2026-03-14 17:47:03,"$70,725.49",$1.41T,$23.98B,20M BTC,0.62% (24h),,
2026-03-14 18:03:01,"$70,785.65",$1.41T,$23.76B,20M BTC,0.29% (24h),,
2026-03-14 18:46:23,"$70,754.20",$1.41T,$22.68B,20M BTC,0.09% (24h),,
2026-03-14 19:15:51,"$71,006.19",$1.42T,$22.51B,20M BTC,0.27% (24h),,
2026-03-14 19:47:32,"$71,176.29",$1.42T,$22.27B,20M BTC,0.3% (24h),,
2026-03-14 21:05:50,"$71,023.36",$1.42T,$21.91B,20M BTC,0.39% (24h),,
2026-03-15 00:06:57,"$71,591.72",$1.43T,$21.37B,20M BTC,0.64% (24h),,
2026-03-15 01:45:24,"$71,644.81",$1.43T,$21.75B,20M BTC,0.9% (24h),,
2026-03-15 02:41:48,"$71,424.46",$1.42T,$21.75B,20M BTC,1.35% (24h),,
2026-03-15 03:37:01,"$71,508.21",$1.43T,$21.19B,20M BTC,1.21% (24h),,
2026-03-15 04:05:09,"$71,486.13",$1.42T,$20.78B,20M BTC,1.22% (24h),,
2026-03-15 04:55:39,"$71,609.70",$1.43T,$20.78B,20M BTC,1.42% (24h),,
2026-03-15 05:43:14,"$71,797.67",$1.43T,$21.07B,20M BTC,1.67% (24h),,
2026-03-15 06:17:18,"$71,798.49",$1.43T,$21.15B,20M BTC,1.86% (24h),,
2026-03-15 06:54:26,"$71,819.36",$1.43T,$21.12B,20M BTC,1.76% (24h),,
2026-03-15 07:34:51,"$71,726.14",$1.43T,$21.12B,20M BTC,1.48% (24h),,
2026-03-15 07:56:49,"$71,854.96",$1.43T,$20.94B,20M BTC,1.6% (24h),,
2026-03-15 09:11:33,"$71,400.78",$1.42T,$20.88B,20M BTC,0.89% (24h),,
2026-03-15 09:58:02,"$71,531.56",$1.43T,$21.95B,20M BTC,0.94% (24h),,
2026-03-15 10:41:38,"$71,417.30",$1.42T,$22.18B,20M BTC,0.93% (24h),,
2026-03-15 11:05:03,"$71,588.91",$1.43T,$22.15B,20M BTC,1.29% (24h),,
2026-03-15 11:44:43,"$71,489.44",$1.42T,$21.9B,20M BTC,1.32% (24h),,
2026-03-15 12:16:30,"$71,476.45",$1.42T,$21.55B,20M BTC,1.24% (24h),,
2026-03-15 12:53:56,"$71,411.55",$1.42T,$21.67B,20M BTC,1.04% (24h),,
2026-03-15 13:37:16,"$71,513.81",$1.43T,$21.68B,20M BTC,1.21% (24h),,
2026-03-15 14:00:56,"$71,826.30",$1.43T,$21.91B,20M BTC,1.7% (24h),,
2026-03-15 14:57:44,"$71,374.72",$1.42T,$22.28B,20M BTC,0.98% (24h),,
2026-03-15 15:37:46,"$71,529.01",$1.43T,$22.68B,20M BTC,1.22% (24h),,
2026-03-15 15:58:45,"$71,562.47",$1.43T,$22.73B,20M BTC,1.21% (24h),,
2026-03-15 16:41:51,"$71,837.71",$1.43T,$22.69B,20M BTC,1.49% (24h),,
2026-03-15 17:04:44,"$71,706.14",$1.43T,$22.85B,20M BTC,1.32% (24h),,
2026-03-15 17:43:05,"$72,076.76",$1.44T,$23.44B,20M BTC,1.87% (24h),,
2026-03-15 18:05:10,"$72,235.48",$1.44T,$23.79B,20M BTC,2.03% (24h),,
2026-03-15 18:48:39,"$72,520.67",$1.45T,$25.76B,20M BTC,2.49% (24h),,
2026-03-15 19:18:33,"$72,854.24",$1.45T,$27.15B,20M BTC,2.67% (24h),,
2026-03-15 19:49:37,"$72,674.87",$1.45T,$28.12B,20M BTC,2.12% (24h),,
2026-03-15 21:10:53,"$72,469.89",$1.44T,$28.76B,20M BTC,2.07% (24h),,
2026-03-16 00:13:47,"$73,638.65",$1.47T,$33.11B,20M BTC,2.86% (24h),,
2026-03-16 02:00:46,"$74,166.00",$1.48T,$36.42B,20M BTC,3.72% (24h),,
2026-03-16 03:46:44,"$73,505.50",$1.47T,$38.65B,20M BTC,2.85% (24h),,
2026-03-16 04:43:10,"$73,136.42",$1.46T,$40.3B,20M BTC,2.21% (24h),,
2026-03-16 05:51:28,"$73,296.14",$1.46T,$41.19B,20M BTC,2.18% (24h),,
2026-03-16 06:48:56,"$73,349.00",$1.46T,$41.75B,20M BTC,2.12% (24h),,
2026-03-16 07:38:29,"$73,566.52",$1.47T,$42.36B,20M BTC,2.58% (24h),,
2026-03-16 08:37:51,"$73,787.92",$1.47T,$42.79B,20M BTC,2.88% (24h),,
2026-03-16 10:07:57,"$74,340.87",$1.48T,$44.69B,20M BTC,3.86% (24h),,
2026-03-16 11:19:55,"$73,764.46",$1.47T,$47.66B,20M BTC,3.13% (24h),,
2026-03-16 12:36:18,"$73,484.13",$1.46T,$50.29B,20M BTC,2.9% (24h),,
2026-03-16 13:44:15,"$73,925.66",$1.47T,$51.26B,20M BTC,3.33% (24h),,
2026-03-16 14:43:35,"$74,224.93",$1.48T,$53.65B,20M BTC,3.5% (24h),,
2026-03-16 15:45:23,"$74,147.15",$1.48T,$54.85B,20M BTC,3.7% (24h),,
2026-03-16 16:25:45,"$74,012.83",$1.48T,$55.48B,20M BTC,3.47% (24h),,
2026-03-16 17:08:57,"$74,308.18",$1.48T,$55.19B,20M BTC,3.69% (24h),,
2026-03-16 17:55:50,"$74,493.24",$1.49T,$56.65B,20M BTC,3.37% (24h),,
2026-03-16 18:43:55,"$74,760.23",$1.49T,$56.88B,20M BTC,3.2% (24h),,
2026-03-16 19:18:38,"$74,480.67",$1.48T,$55.7B,20M BTC,2.21% (24h),,
2026-03-16 19:49:23,"$74,830.07",$1.49T,$55.37B,20M BTC,3.01% (24h),,
2026-03-16 20:59:45,"$75,244.09",$1.5T,$57.29B,20M BTC,3.71% (24h),,
2026-03-16 23:41:38,"$74,475.89",$1.48T,$59.35B,20M BTC,0.73% (24h),,
2026-03-17 01:15:07,"$74,308.96",$1.48T,$58.59B,20M BTC,0.58% (24h),,
2026-03-17 02:18:10,"$74,124.81",$1.48T,$57.57B,20M BTC,0.53% (24h),,
2026-03-17 03:36:11,"$74,352.38",$1.48T,$57.63B,20M BTC,0.92% (24h),,
2026-03-17 04:30:55,"$74,340.13",$1.48T,$56.57B,20M BTC,1.33% (24h),,
2026-03-17 05:35:02,"$74,180.92",$1.48T,$55.59B,20M BTC,1.31% (24h),,
2026-03-17 06:34:11,"$73,647.35",$1.47T,$56.25B,20M BTC,0.41% (24h),,
2026-03-17 08:08:28,"$74,093.60",$1.48T,$56.14B,20M BTC,0.77% (24h),,
2026-03-17 09:53:38,"$73,539.65",$1.47T,$54.37B,20M BTC,0.61% (24h),,
2026-03-17 11:06:41,"$74,638.82",$1.49T,$53.78B,20M BTC,1.72% (24h),,
2026-03-17 12:18:48,"$74,219.14",$1.48T,$52.24B,20M BTC,1.09% (24h),,
2026-03-17 13:33:50,"$74,357.37",$1.48T,$53.99B,20M BTC,0.82% (24h),,
2026-03-17 14:38:40,"$74,603.44",$1.49T,$53.03B,20M BTC,0.7% (24h),,
2026-03-17 15:43:24,"$74,686.47",$1.49T,$52.8B,20M BTC,0.65% (24h),,
2026-03-17 16:26:30,"$74,666.29",$1.49T,$52.8B,20M BTC,0.86% (24h),,
2026-03-17 17:08:35,"$74,536.45",$1.49T,$52.66B,20M BTC,0.32% (24h),,
2026-03-17 17:55:36,"$74,690.07",$1.49T,$51.72B,20M BTC,0.23% (24h),,
2026-03-17 18:42:43,"$74,191.33",$1.48T,$50.73B,20M BTC,0.72% (24h),,
2026-03-17 19:20:52,"$74,331.98",$1.48T,$49.78B,20M BTC,0.22% (24h),,
2026-03-17 19:53:28,"$73,986.82",$1.47T,$49.67B,20M BTC,0.96% (24h),,
2026-03-17 22:51:52,"$74,403.34",$1.48T,$43.93B,20M BTC,1.13% (24h),,
2026-03-18 00:53:42,"$74,203.61",$1.48T,$39.89B,20M BTC,0.05% (24h),,
2026-03-18 02:08:20,"$74,078.12",$1.48T,$37.54B,20M BTC,0.21% (24h),,
2026-03-18 03:18:29,"$73,947.36",$1.47T,$37.64B,20M BTC,0.57% (24h),,
2026-03-18 04:05:05,"$73,953.83",$1.47T,$37.38B,20M BTC,0.63% (24h),,
2026-03-18 05:08:25,"$74,120.65",$1.48T,$37.42B,20M BTC,0.07% (24h),,
2026-03-18 06:13:06,"$74,264.25",$1.48T,$36.07B,20M BTC,0.75% (24h),,
2026-03-18 07:14:33,"$73,953.02",$1.47T,$35.81B,20M BTC,0.03% (24h),,
2026-03-18 08:03:26,"$72,883.56",$1.45T,$37.57B,20M BTC,1.56% (24h),,
2026-03-18 09:54:43,"$72,199.87",$1.44T,$39.48B,20M BTC,1.78% (24h),,
2026-03-18 11:14:29,"$71,072.90",$1.42T,$41.75B,20M BTC,4.15% (24h),,
2026-03-18 12:36:32,"$71,110.70",$1.42T,$43.06B,20M BTC,4.05% (24h),,
2026-03-18 13:45:37,"$71,610.49",$1.43T,$43.48B,20M BTC,3.79% (24h),,
2026-03-18 14:44:45,"$71,641.08",$1.43T,$44.29B,20M BTC,4.1% (24h),,
2026-03-18 15:40:24,"$71,136.99",$1.42T,$43.99B,20M BTC,4.81% (24h),,
2026-03-18 16:22:30,"$70,807.98",$1.41T,$45.56B,20M BTC,4.97% (24h),,
2026-03-18 17:07:15,"$71,364.45",$1.42T,$46.05B,20M BTC,4.21% (24h),,
2026-03-18 17:51:13,"$71,326.05",$1.42T,$45.95B,20M BTC,4.55% (24h),,
2026-03-18 18:26:57,"$71,062.41",$1.42T,$46.18B,20M BTC,4.58% (24h),,
2026-03-18 19:00:03,"$71,153.24",$1.42T,$45.94B,20M BTC,4.27% (24h),,
2026-03-18 19:40:16,"$71,330.80",$1.42T,$45.96B,20M BTC,3.72% (24h),,
2026-03-18 20:02:00,"$71,207.87",$1.42T,$46.17B,20M BTC,3.7% (24h),,
2026-03-18 23:21:23,"$71,486.52",$1.42T,$45.08B,20M BTC,3.8% (24h),,
2026-03-19 01:10:21,"$70,807.78",$1.41T,$46.62B,20M BTC,4.67% (24h),,
2026-03-19 02:13:17,"$70,862.23",$1.41T,$46.51B,20M BTC,4.34% (24h),,
2026-03-19 03:30:21,"$69,823.29",$1.39T,$48.67B,20M BTC,5.45% (24h),,
2026-03-19 04:07:29,"$70,143.05",$1.4T,$49.31B,20M BTC,5.22% (24h),,
2026-03-19 05:02:45,"$70,115.40",$1.4T,$50.36B,20M BTC,5.32% (24h),,
2026-03-19 06:02:17,"$70,439.36",$1.4T,$51.64B,20M BTC,5.04% (24h),,
2026-03-19 08:00:03,"$69,934.67",$1.39T,$49.66B,20M BTC,4.15% (24h),,
2026-03-19 09:14:00,"$69,114.04",$1.38T,$48.43B,20M BTC,4.45% (24h),,
2026-03-19 10:00:39,"$69,923.32",$1.39T,$48.99B,20M BTC,3.05% (24h),,
2026-03-19 11:02:30,"$69,571.31",$1.39T,$47.64B,20M BTC,1.98% (24h),,
2026-03-19 12:08:34,"$69,307.56",$1.38T,$46.93B,20M BTC,2.77% (24h),,
2026-03-19 13:16:29,"$69,214.81",$1.38T,$45.96B,20M BTC,2.92% (24h),,
2026-03-19 14:08:07,"$69,778.05",$1.39T,$46.32B,20M BTC,2.97% (24h),,
2026-03-19 15:16:12,"$70,336.88",$1.4T,$44.97B,20M BTC,1.4% (24h),,
2026-03-19 15:57:48,"$70,257.62",$1.4T,$45.88B,20M BTC,1.21% (24h),,
2026-03-19 16:52:33,"$70,457.49",$1.4T,$44.64B,20M BTC,1.12% (24h),,
2026-03-19 17:44:26,"$70,475.43",$1.4T,$44.73B,20M BTC,1.22% (24h),,
2026-03-19 18:14:54,"$70,452.83",$1.4T,$44.52B,20M BTC,0.77% (24h),,
2026-03-19 18:53:11,"$70,139.07",$1.4T,$44.8B,20M BTC,1.3% (24h),,
2026-03-19 19:38:35,"$69,918.89",$1.39T,$44.59B,20M BTC,1.97% (24h),,
2026-03-19 20:00:04,"$69,921.89",$1.39T,$44.61B,20M BTC,1.86% (24h),,
2026-03-19 22:52:08,"$70,404.44",$1.4T,$44.84B,20M BTC,0.95% (24h),,
2026-03-20 00:54:48,"$70,743.69",$1.41T,$44.7B,20M BTC,0.09% (24h),,
2026-03-20 01:59:42,"$70,575.04",$1.41T,$44.6B,20M BTC,0.36% (24h),,
2026-03-20 03:10:21,"$70,368.00",$1.4T,$44.33B,20M BTC,0.11% (24h),,
2026-03-20 03:56:41,"$70,881.30",$1.41T,$42.64B,20M BTC,0.84% (24h),,
2026-03-20 04:53:54,"$71,118.18",$1.42T,$42.64B,20M BTC,1.64% (24h),,
2026-03-20 05:54:02,"$70,539.47",$1.41T,$42.44B,20M BTC,0.06% (24h),,
2026-03-20 06:50:25,"$70,577.90",$1.41T,$42.07B,20M BTC,0.45% (24h),,
2026-03-20 07:24:18,"$70,648.96",$1.41T,$42.36B,20M BTC,0.66% (24h),,
2026-03-20 07:56:58,"$70,441.26",$1.4T,$42.38B,20M BTC,0.72% (24h),,
2026-03-20 09:19:49,"$70,412.38",$1.4T,$40.03B,20M BTC,1.6% (24h),,
2026-03-20 10:11:44,"$69,802.68",$1.39T,$39.68B,20M BTC,0.3% (24h),,
2026-03-20 11:05:44,"$69,642.97",$1.39T,$40.05B,20M BTC,0.16% (24h),,
2026-03-20 11:59:07,"$69,812.22",$1.39T,$38.7B,20M BTC,0.51% (24h),,
2026-03-20 12:58:46,"$69,860.33",$1.39T,$38.92B,20M BTC,0.56% (24h),,
2026-03-20 13:46:18,"$69,590.19",$1.39T,$38.88B,20M BTC,0.01% (24h),,
2026-03-20 14:29:55,"$69,656.00",$1.39T,$38.66B,20M BTC,0.06% (24h),,
2026-03-20 15:24:41,"$69,800.84",$1.39T,$38.55B,20M BTC,1.05% (24h),,
2026-03-20 15:59:16,"$70,150.80",$1.4T,$38.19B,20M BTC,0.18% (24h),,
2026-03-20 16:48:21,"$69,968.26",$1.39T,$38.39B,20M BTC,0.77% (24h),,
2026-03-20 17:19:30,"$70,505.13",$1.41T,$38.07B,20M BTC,0.19% (24h),,
2026-03-20 17:51:41,"$70,549.28",$1.41T,$38.52B,20M BTC,0.16% (24h),,
2026-03-20 18:21:13,"$70,793.48",$1.41T,$38.85B,20M BTC,0.52% (24h),,
2026-03-20 18:54:54,"$70,765.92",$1.41T,$38.66B,20M BTC,0.91% (24h),,
2026-03-20 19:39:40,"$70,495.00",$1.41T,$38.62B,20M BTC,0.81% (24h),,
2026-03-20 20:01:59,"$70,529.20",$1.41T,$38.37B,20M BTC,0.87% (24h),,
2026-03-20 22:45:39,"$70,701.31",$1.41T,$36.39B,20M BTC,0.6% (24h),,
2026-03-21 00:22:11,"$70,735.35",$1.41T,$35.2B,20M BTC,0.18% (24h),,
2026-03-21 01:30:17,"$70,776.96",$1.41T,$34.92B,20M BTC,0.21% (24h),,
2026-03-21 02:06:39,"$70,715.37",$1.41T,$35.35B,20M BTC,0.16% (24h),,
2026-03-21 03:04:22,"$70,759.23",$1.41T,$35.28B,20M BTC,0.72% (24h),,
2026-03-21 03:46:52,"$70,710.42",$1.41T,$34.15B,20M BTC,0.19% (24h),,
2026-03-21 04:03:21,"$70,703.57",$1.41T,$33.8B,20M BTC,0.19% (24h),,
2026-03-21 04:51:14,"$70,574.96",$1.41T,$33.2B,20M BTC,0.78% (24h),,
2026-03-21 05:25:42,"$70,638.91",$1.41T,$32.46B,20M BTC,0.22% (24h),,
2026-03-21 05:56:38,"$70,652.37",$1.41T,$32B,20M BTC,0.14% (24h),,
2026-03-21 06:36:47,"$70,597.72",$1.41T,$31.59B,20M BTC,0.28% (24h),,
2026-03-21 07:00:21,"$70,587.66",$1.41T,$31.3B,20M BTC,0.02% (24h),,
2026-03-21 07:34:13,"$70,586.68",$1.41T,$31.05B,20M BTC,0.16% (24h),,
2026-03-21 07:55:56,"$70,604.40",$1.41T,$30.77B,20M BTC,0.27% (24h),,
2026-03-21 09:06:10,"$70,706.42",$1.41T,$29.85B,20M BTC,0.45% (24h),,
2026-03-21 09:52:34,"$70,729.52",$1.41T,$28.72B,20M BTC,1.03% (24h),,
2026-03-21 10:35:37,"$70,996.18",$1.42T,$26.9B,20M BTC,1.17% (24h),,
2026-03-21 11:00:13,"$70,616.99",$1.41T,$26.37B,20M BTC,1.26% (24h),,
2026-03-21 11:37:29,"$70,678.29",$1.41T,$25.4B,20M BTC,1.22% (24h),,
2026-03-21 11:58:38,"$70,655.42",$1.41T,$24.92B,20M BTC,1.22% (24h),,
2026-03-21 12:42:25,"$70,358.06",$1.4T,$24.24B,20M BTC,0.85% (24h),,
2026-03-21 13:15:01,"$70,265.70",$1.4T,$23.74B,20M BTC,0.69% (24h),,
2026-03-21 13:47:26,"$70,390.23",$1.4T,$23.22B,20M BTC,1.14% (24h),,
2026-03-21 14:03:21,"$70,327.88",$1.4T,$22.82B,20M BTC,0.51% (24h),,
2026-03-21 14:55:27,"$70,390.87",$1.4T,$22.02B,20M BTC,0.83% (24h),,
2026-03-21 15:33:07,"$70,366.30",$1.4T,$21.57B,20M BTC,0.72% (24h),,
2026-03-21 15:55:17,"$70,352.01",$1.4T,$21.34B,20M BTC,0.29% (24h),,
2026-03-21 16:37:10,"$70,445.17",$1.4T,$20.77B,20M BTC,0.95% (24h),,
2026-03-21 16:59:35,"$70,456.01",$1.4T,$20.78B,20M BTC,0.58% (24h),,
2026-03-21 17:35:54,"$70,349.51",$1.4T,$20.38B,20M BTC,0.24% (24h),,
2026-03-21 17:56:43,"$70,322.64",$1.4T,$20.13B,20M BTC,0.3% (24h),,
2026-03-21 18:35:06,"$70,325.89",$1.4T,$19.6B,20M BTC,0.46% (24h),,
2026-03-21 18:59:32,"$70,293.54",$1.4T,$19.65B,20M BTC,0.7% (24h),,
2026-03-21 19:36:38,"$70,145.27",$1.4T,$19.51B,20M BTC,0.48% (24h),,
2026-03-21 19:58:06,"$68,636.13",$1.37T,$21.02B,20M BTC,2.65% (24h),,
2026-03-21 23:17:46,"$69,289.43",$1.38T,$25.63B,20M BTC,1.96% (24h),,
2026-03-22 01:05:25,"$69,284.49",$1.38T,$26.5B,20M BTC,1.94% (24h),,
2026-03-22 02:07:37,"$69,097.33",$1.38T,$25.95B,20M BTC,2.28% (24h),,
2026-03-22 03:09:41,"$69,162.51",$1.38T,$25.41B,20M BTC,2.23% (24h),,
2026-03-22 03:52:18,"$69,040.57",$1.38T,$25.37B,20M BTC,2.35% (24h),,
2026-03-22 04:45:41,"$68,725.56",$1.37T,$25.93B,20M BTC,2.65% (24h),,
2026-03-22 05:20:13,"$68,724.70",$1.37T,$25.92B,20M BTC,2.73% (24h),,
2026-03-22 05:54:03,"$68,792.81",$1.37T,$26.23B,20M BTC,2.64% (24h),,
2026-03-22 06:37:46,"$68,680.91",$1.37T,$26.3B,20M BTC,2.71% (24h),,
2026-03-22 07:01:15,"$68,634.36",$1.37T,$26.37B,20M BTC,2.77% (24h),,
2026-03-22 07:35:51,"$68,482.26",$1.36T,$26.59B,20M BTC,2.97% (24h),,
2026-03-22 07:56:56,"$68,287.49",$1.36T,$27.09B,20M BTC,3.27% (24h),,
2026-03-22 09:08:48,"$68,869.25",$1.37T,$27.74B,20M BTC,2.61% (24h),,
2026-03-22 09:53:48,"$68,671.87",$1.37T,$28.29B,20M BTC,2.91% (24h),,
2026-03-22 10:37:09,"$68,826.21",$1.37T,$28.12B,20M BTC,2.99% (24h),,
2026-03-22 11:00:40,"$68,729.46",$1.37T,$27.81B,20M BTC,2.67% (24h),,
2026-03-22 11:38:08,"$68,762.33",$1.37T,$27.97B,20M BTC,2.68% (24h),,
2026-03-22 11:59:00,"$68,825.10",$1.37T,$27.89B,20M BTC,2.58% (24h),,
2026-03-22 12:43:54,"$68,733.17",$1.37T,$27.81B,20M BTC,2.31% (24h),,
2026-03-22 13:15:20,"$68,840.64",$1.37T,$27.69B,20M BTC,2.02% (24h),,
2026-03-22 13:47:43,"$68,700.25",$1.37T,$27.58B,20M BTC,2.4% (24h),,
2026-03-22 14:19:18,"$68,721.11",$1.37T,$27.59B,20M BTC,2.31% (24h),,
2026-03-22 15:00:09,"$68,615.04",$1.37T,$27.92B,20M BTC,2.52% (24h),,
2026-03-22 15:36:32,"$68,376.76",$1.36T,$28.13B,20M BTC,2.82% (24h),,
2026-03-22 15:55:24,"$68,222.94",$1.36T,$29.02B,20M BTC,3.02% (24h),,
2026-03-22 16:38:30,"$68,269.55",$1.36T,$29.11B,20M BTC,3.09% (24h),,
2026-03-22 17:01:18,"$68,197.35",$1.36T,$28.94B,20M BTC,3.18% (24h),,
2026-03-22 17:38:13,"$67,868.99",$1.35T,$30.35B,20M BTC,3.53% (24h),,
2026-03-22 17:59:44,"$67,856.03",$1.35T,$30.52B,20M BTC,3.54% (24h),,
2026-03-22 18:38:32,"$68,236.71",$1.36T,$31.32B,20M BTC,3% (24h),,
2026-03-22 19:01:31,"$68,273.38",$1.36T,$31.45B,20M BTC,2.83% (24h),,
2026-03-22 19:40:31,"$68,047.78",$1.36T,$31.45B,20M BTC,2.99% (24h),,
2026-03-22 20:02:50,"$67,905.97",$1.35T,$30.16B,20M BTC,0.68% (24h),,
2026-03-22 23:24:42,"$68,188.01",$1.36T,$28.01B,20M BTC,1.57% (24h),,
2026-03-23 01:23:16,"$68,747.67",$1.37T,$28B,20M BTC,0.66% (24h),,
2026-03-23 02:50:50,"$67,771.29",$1.35T,$29.57B,20M BTC,2% (24h),,
2026-03-23 03:57:07,"$68,403.33",$1.36T,$31.64B,20M BTC,0.86% (24h),,
2026-03-23 05:10:02,"$68,261.15",$1.36T,$32.71B,20M BTC,0.84% (24h),,
2026-03-23 06:16:07,"$68,567.86",$1.37T,$32.86B,20M BTC,0.2% (24h),,
2026-03-23 07:14:23,"$71,177.53",$1.42T,$36.43B,20M BTC,3.65% (24h),,
2026-03-23 07:59:08,"$70,087.70",$1.4T,$41.43B,20M BTC,2.74% (24h),,
2026-03-23 09:44:05,"$71,324.68",$1.42T,$44.69B,20M BTC,3.99% (24h),,
2026-03-23 10:47:07,"$71,330.78",$1.42T,$48.2B,20M BTC,3.68% (24h),,
2026-03-23 11:48:23,"$70,683.42",$1.41T,$49.16B,20M BTC,2.75% (24h),,
2026-03-23 12:42:17,"$70,408.79",$1.4T,$51.34B,20M BTC,2.47% (24h),,
2026-03-23 13:41:19,"$70,957.70",$1.41T,$53.31B,20M BTC,3.3% (24h),,
2026-03-23 14:35:49,"$71,078.61",$1.42T,$53.75B,20M BTC,3.64% (24h),,
2026-03-23 15:36:49,"$70,960.61",$1.41T,$54.17B,20M BTC,3.78% (24h),,
2026-03-23 16:24:17,"$70,790.11",$1.41T,$54.22B,20M BTC,3.46% (24h),,
2026-03-23 17:06:48,"$70,890.02",$1.41T,$54.38B,20M BTC,4.75% (24h),,
2026-03-23 17:51:35,"$70,933.91",$1.41T,$52.54B,20M BTC,4.57% (24h),,
2026-03-23 18:25:52,"$70,660.47",$1.41T,$51.98B,20M BTC,3.58% (24h),,
2026-03-23 19:03:13,"$70,734.80",$1.41T,$51.51B,20M BTC,3.46% (24h),,
2026-03-23 19:48:30,"$70,739.67",$1.41T,$51.32B,20M BTC,3.95% (24h),,
2026-03-23 20:54:41,"$70,754.43",$1.41T,$50.61B,20M BTC,4.44% (24h),,
2026-03-23 23:39:38,"$70,444.79",$1.4T,$50.32B,20M BTC,3.3% (24h),,
2026-03-24 01:16:08,"$70,190.27",$1.4T,$50.17B,20M BTC,2.07% (24h),,
2026-03-24 02:18:38,"$70,363.70",$1.4T,$49.94B,20M BTC,2.57% (24h),,
2026-03-24 03:35:11,"$70,906.73",$1.41T,$49.55B,20M BTC,4.3% (24h),,
2026-03-24 04:30:52,"$70,854.26",$1.41T,$49.09B,20M BTC,3.51% (24h),,
2026-03-24 05:35:38,"$71,014.86",$1.42T,$48.43B,20M BTC,4.4% (24h),,
2026-03-24 06:34:15,"$71,114.11",$1.42T,$48.73B,20M BTC,3.89% (24h),,
2026-03-24 07:31:43,"$71,050.51",$1.42T,$43.01B,20M BTC,0.2% (24h),,
2026-03-24 08:35:03,"$70,903.69",$1.41T,$39.01B,20M BTC,0.82% (24h),,
2026-03-24 10:05:04,"$70,267.43",$1.4T,$37.72B,20M BTC,1.84% (24h),,
2026-03-24 11:20:18,"$69,943.09",$1.39T,$38.15B,20M BTC,1.65% (24h),,
2026-03-24 12:35:41,"$69,663.98",$1.39T,$36.49B,20M BTC,1.04% (24h),,
2026-03-24 13:38:19,"$69,250.37",$1.38T,$36.38B,20M BTC,2.5% (24h),,
2026-03-24 14:40:03,"$69,702.84",$1.39T,$37.43B,20M BTC,1.85% (24h),,
2026-03-24 15:43:28,"$69,431.83",$1.38T,$37.34B,20M BTC,1.99% (24h),,
2026-03-24 16:28:52,"$69,958.36",$1.39T,$37.42B,20M BTC,1.13% (24h),,
2026-03-24 17:09:33,"$69,993.97",$1.4T,$38.41B,20M BTC,1.28% (24h),,
2026-03-24 17:54:29,"$70,236.35",$1.4T,$38.66B,20M BTC,0.97% (24h),,
2026-03-24 18:41:08,"$70,226.25",$1.4T,$39.26B,20M BTC,0.59% (24h),,
2026-03-24 19:06:43,"$70,289.49",$1.4T,$39.64B,20M BTC,0.58% (24h),,
2026-03-24 19:47:40,"$70,566.67",$1.41T,$40.32B,20M BTC,0.28% (24h),,
2026-03-24 21:00:46,"$70,831.77",$1.41T,$40.13B,20M BTC,0.22% (24h),,
2026-03-24 23:45:06,"$70,709.38",$1.41T,$40.28B,20M BTC,0.33% (24h),,
2026-03-25 01:18:08,"$71,131.64",$1.42T,$40.58B,20M BTC,1.36% (24h),,
2026-03-25 02:36:41,"$71,205.72",$1.42T,$40.96B,20M BTC,1.05% (24h),,
2026-03-25 03:41:40,"$71,207.08",$1.42T,$40.01B,20M BTC,0.47% (24h),,
2026-03-25 04:34:09,"$71,463.18",$1.42T,$39.52B,20M BTC,0.77% (24h),,
2026-03-25 05:37:26,"$71,246.93",$1.42T,$40.05B,20M BTC,0.3% (24h),,
2026-03-25 06:33:32,"$71,318.73",$1.42T,$39.86B,20M BTC,0.26% (24h),,
2026-03-25 07:29:14,"$71,777.67",$1.43T,$39.79B,20M BTC,1.01% (24h),,
2026-03-25 08:07:39,"$71,814.29",$1.43T,$40.08B,20M BTC,1.14% (24h),,
2026-03-25 09:51:05,"$71,555.29",$1.43T,$41.34B,20M BTC,1.92% (24h),,
2026-03-25 10:54:16,"$71,400.26",$1.42T,$40.21B,20M BTC,2.31% (24h),,
2026-03-25 12:18:42,"$70,853.46",$1.41T,$39.38B,20M BTC,1.29% (24h),,
2026-03-25 13:33:51,"$70,997.16",$1.42T,$39.08B,20M BTC,2.63% (24h),,
2026-03-25 14:35:40,"$70,915.90",$1.41T,$38.26B,20M BTC,2.04% (24h),,
2026-03-25 15:34:55,"$70,880.86",$1.41T,$38.15B,20M BTC,2.16% (24h),,
2026-03-25 16:08:55,"$70,695.87",$1.41T,$38.12B,20M BTC,2.04% (24h),,
2026-03-25 16:58:28,"$70,999.23",$1.42T,$37.44B,20M BTC,1.38% (24h),,
2026-03-25 17:51:43,"$71,003.23",$1.42T,$37.22B,20M BTC,1.03% (24h),,
2026-03-25 18:29:33,"$71,011.99",$1.42T,$36.75B,20M BTC,0.93% (24h),,
2026-03-25 19:07:38,"$71,371.09",$1.42T,$36.63B,20M BTC,1.52% (24h),,
2026-03-25 19:51:53,"$71,231.09",$1.42T,$35.99B,20M BTC,0.86% (24h),,
2026-03-25 22:56:42,"$70,867.88",$1.41T,$35.34B,20M BTC,0.47% (24h),,
2026-03-26 01:14:13,"$70,508.28",$1.41T,$33.99B,20M BTC,1.01% (24h),,
2026-03-26 02:41:27,"$69,999.99",$1.4T,$35.41B,20M BTC,1.62% (24h),,
2026-03-26 03:48:43,"$70,053.40",$1.4T,$35.7B,20M BTC,1.21% (24h),,
2026-03-26 04:39:25,"$69,824.90",$1.39T,$34.43B,20M BTC,2.09% (24h),,
2026-03-26 05:46:51,"$69,442.55",$1.38T,$35.27B,20M BTC,2.47% (24h),,
2026-03-26 06:40:36,"$69,515.46",$1.39T,$35.42B,20M BTC,2.56% (24h),,
2026-03-26 07:38:48,"$69,400.92",$1.38T,$35.47B,20M BTC,3.44% (24h),,
2026-03-26 08:41:11,"$69,292.87",$1.38T,$34.46B,20M BTC,2.91% (24h),,
2026-03-26 11:33:52,"$68,983.43",$1.37T,$35.15B,20M BTC,2.82% (24h),,
2026-03-26 12:26:31,"$68,920.96",$1.37T,$35.59B,20M BTC,3.19% (24h),,
2026-03-26 13:20:10,"$68,974.44",$1.37T,$35B,20M BTC,2.87% (24h),,
2026-03-26 14:17:23,"$68,380.27",$1.36T,$35.75B,20M BTC,3.66% (24h),,
2026-03-26 15:19:41,"$68,445.28",$1.36T,$36.68B,20M BTC,3.35% (24h),,
2026-03-26 16:01:45,"$68,517.41",$1.37T,$36.94B,20M BTC,3.21% (24h),,
2026-03-26 16:50:07,"$69,098.31",$1.38T,$38.33B,20M BTC,2.6% (24h),,
2026-03-26 17:23:19,"$69,024.60",$1.38T,$38.58B,20M BTC,2.79% (24h),,
2026-03-26 17:55:49,"$68,919.20",$1.37T,$38.81B,20M BTC,2.93% (24h),,
2026-03-26 18:40:17,"$68,765.26",$1.37T,$39.05B,20M BTC,3.45% (24h),,
2026-03-26 19:03:41,"$68,916.79",$1.37T,$38.75B,20M BTC,3.47% (24h),,
2026-03-26 19:48:45,"$68,704.78",$1.37T,$38.96B,20M BTC,3.53% (24h),,
2026-03-26 21:04:46,"$68,760.42",$1.37T,$38.95B,20M BTC,3.54% (24h),,
2026-03-27 00:07:05,"$68,459.06",$1.36T,$39.16B,20M BTC,3.31% (24h),,
2026-03-27 01:51:35,"$68,542.53",$1.37T,$39.31B,20M BTC,2.48% (24h),,
2026-03-27 03:00:41,"$68,636.67",$1.37T,$37.72B,20M BTC,2.03% (24h),,
2026-03-27 04:05:39,"$68,523.68",$1.37T,$39.28B,20M BTC,2.17% (24h),,
2026-03-27 05:08:43,"$67,718.94",$1.35T,$40.98B,20M BTC,3.29% (24h),,
2026-03-27 06:07:42,"$67,648.23",$1.35T,$40.34B,20M BTC,2.77% (24h),,
2026-03-27 07:09:22,"$66,429.33",$1.32T,$43.13B,20M BTC,4.47% (24h),,
2026-03-27 07:57:42,"$66,672.04",$1.33T,$43.92B,20M BTC,3.82% (24h),,
2026-03-27 09:26:02,"$66,629.42",$1.33T,$44.47B,20M BTC,4% (24h),,
2026-03-27 10:33:58,"$65,804.32",$1.31T,$46.23B,20M BTC,5.55% (24h),,
2026-03-27 11:33:06,"$66,372.38",$1.32T,$47.02B,20M BTC,3.83% (24h),,
2026-03-27 12:36:08,"$65,931.55",$1.31T,$48.62B,20M BTC,4.37% (24h),,
2026-03-27 13:35:45,"$65,854.52",$1.31T,$49.04B,20M BTC,4.69% (24h),,
2026-03-27 14:37:06,"$65,760.03",$1.31T,$48.03B,20M BTC,3.61% (24h),,
2026-03-27 15:30:19,"$65,905.68",$1.31T,$48.12B,20M BTC,3.6% (24h),,
2026-03-27 16:03:48,"$66,074.40",$1.32T,$47.92B,20M BTC,3.49% (24h),,
2026-03-27 16:56:08,"$65,985.82",$1.32T,$46.33B,20M BTC,4.26% (24h),,
2026-03-27 17:45:23,"$66,069.86",$1.32T,$46.72B,20M BTC,4.21% (24h),,
2026-03-27 18:18:32,"$65,981.03",$1.31T,$46.49B,20M BTC,4.25% (24h),,
2026-03-27 18:57:42,"$66,009.26",$1.32T,$46.2B,20M BTC,4.08% (24h),,
2026-03-27 19:42:20,"$66,176.22",$1.32T,$46.32B,20M BTC,3.67% (24h),,
2026-03-27 20:59:11,"$66,376.22",$1.32T,$46.13B,20M BTC,3.39% (24h),,
2026-03-27 23:43:33,"$66,180.35",$1.32T,$45.53B,20M BTC,3.88% (24h),,
2026-03-28 01:16:21,"$66,204.06",$1.32T,$44.79B,20M BTC,3.79% (24h),,
2026-03-28 02:15:18,"$66,320.62",$1.32T,$44.5B,20M BTC,3.47% (24h),,
2026-03-28 03:28:13,"$66,413.41",$1.32T,$43.99B,20M BTC,3.56% (24h),,
2026-03-28 04:03:38,"$66,489.61",$1.33T,$42.24B,20M BTC,2.94% (24h),,
2026-03-28 04:57:53,"$66,359.19",$1.32T,$40.58B,20M BTC,2.29% (24h),,
2026-03-28 05:50:13,"$66,230.15",$1.32T,$39.99B,20M BTC,2.27% (24h),,
2026-03-28 06:23:09,"$66,212.63",$1.32T,$39.23B,20M BTC,2.16% (24h),,
2026-03-28 07:01:34,"$66,176.73",$1.32T,$37.52B,20M BTC,0.29% (24h),,
2026-03-28 07:39:37,"$66,270.63",$1.32T,$35.01B,20M BTC,0.56% (24h),,
2026-03-28 08:00:21,"$66,300.35",$1.32T,$34.37B,20M BTC,0.56% (24h),,
2026-03-28 09:17:43,"$66,451.82",$1.32T,$32.96B,20M BTC,0.06% (24h),,
2026-03-28 10:02:46,"$66,727.84",$1.33T,$31.7B,20M BTC,0.89% (24h),,
2026-03-28 10:51:34,"$66,828.72",$1.33T,$29.48B,20M BTC,1.21% (24h),,
2026-03-28 11:26:24,"$67,084.43",$1.34T,$27.69B,20M BTC,1.47% (24h),,
2026-03-28 11:57:51,"$66,908.93",$1.33T,$26.9B,20M BTC,1.18% (24h),,
2026-03-28 12:46:46,"$66,855.24",$1.33T,$25.84B,20M BTC,1.24% (24h),,
2026-03-28 13:18:22,"$66,813.32",$1.33T,$25.1B,20M BTC,1.02% (24h),,
2026-03-28 13:52:49,"$66,758.57",$1.33T,$24.6B,20M BTC,1.7% (24h),,
2026-03-28 14:54:14,"$66,862.46",$1.33T,$23.44B,20M BTC,1.63% (24h),,
2026-03-28 15:37:39,"$66,827.26",$1.33T,$22.8B,20M BTC,1.38% (24h),,
2026-03-28 15:59:33,"$66,852.97",$1.33T,$22.63B,20M BTC,1.22% (24h),,
2026-03-28 16:46:19,"$66,883.30",$1.33T,$21.94B,20M BTC,1.56% (24h),,
2026-03-28 17:18:24,"$66,785.82",$1.33T,$21.48B,20M BTC,1.05% (24h),,
2026-03-28 17:54:40,"$66,615.44",$1.33T,$21.41B,20M BTC,0.82% (24h),,
2026-03-28 18:22:01,"$66,709.98",$1.33T,$21.42B,20M BTC,1.13% (24h),,
2026-03-28 18:53:59,"$66,695.39",$1.33T,$21.31B,20M BTC,1.06% (24h),,
2026-03-28 19:40:23,"$66,383.99",$1.32T,$21.39B,20M BTC,0.31% (24h),,
2026-03-28 20:02:49,"$66,424.67",$1.32T,$20.93B,20M BTC,0.15% (24h),,
2026-03-28 23:35:41,"$66,881.88",$1.33T,$20.69B,20M BTC,1.14% (24h),,
2026-03-29 01:30:05,"$66,588.95",$1.33T,$20.25B,20M BTC,0.45% (24h),,
2026-03-29 02:46:22,"$66,637.85",$1.33T,$19.85B,20M BTC,0.35% (24h),,
2026-03-29 03:43:55,"$66,571.84",$1.33T,$19.81B,20M BTC,0.22% (24h),,
2026-03-29 04:26:24,"$66,621.21",$1.33T,$19.27B,20M BTC,0.16% (24h),,
2026-03-29 05:09:15,"$66,604.57",$1.33T,$19.13B,20M BTC,0.45% (24h),,
2026-03-29 05:54:26,"$66,552.34",$1.33T,$18.87B,20M BTC,0.46% (24h),,
2026-03-29 06:43:40,"$66,458.03",$1.32T,$18.99B,20M BTC,0.47% (24h),,
2026-03-29 07:18:13,"$66,697.80",$1.33T,$18.97B,20M BTC,0.73% (24h),,
2026-03-29 07:49:33,"$66,807.60",$1.33T,$19.25B,20M BTC,0.76% (24h),,
2026-03-29 08:27:35,"$66,748.76",$1.33T,$19.24B,20M BTC,0.52% (24h),,
2026-03-29 09:37:26,"$66,574.46",$1.33T,$19.27B,20M BTC,0.1% (24h),,
2026-03-29 10:21:29,"$66,575.06",$1.33T,$18.26B,20M BTC,0.33% (24h),,
2026-03-29 10:59:56,"$66,533.41",$1.33T,$18.18B,20M BTC,0.27% (24h),,
2026-03-29 11:43:23,"$66,373.20",$1.32T,$17.67B,20M BTC,0.88% (24h),,
2026-03-29 12:20:40,"$66,576.38",$1.33T,$17.56B,20M BTC,0.68% (24h),,
2026-03-29 13:00:35,"$66,458.60",$1.32T,$17.58B,20M BTC,0.63% (24h),,
2026-03-29 13:44:47,"$66,360.78",$1.32T,$17.63B,20M BTC,0.66% (24h),,
2026-03-29 14:22:37,"$66,375.97",$1.32T,$17.5B,20M BTC,0.73% (24h),,
2026-03-29 15:11:08,"$66,366.74",$1.32T,$17.41B,20M BTC,0.73% (24h),,
2026-03-29 15:49:44,"$66,362.24",$1.32T,$17.66B,20M BTC,0.67% (24h),,
2026-03-29 16:19:50,"$66,509.47",$1.33T,$17.7B,20M BTC,0.66% (24h),,
2026-03-29 16:55:34,"$66,554.76",$1.33T,$17.85B,20M BTC,0.54% (24h),,
2026-03-29 17:41:18,"$66,593.57",$1.33T,$17.98B,20M BTC,0.3% (24h),,
2026-03-29 18:03:31,"$66,362.36",$1.32T,$18.01B,20M BTC,0.35% (24h),,
2026-03-29 18:51:36,"$65,175.52",$1.3T,$19.64B,20M BTC,2.28% (24h),,
2026-03-29 19:26:53,"$65,962.43",$1.31T,$21.15B,20M BTC,0.59% (24h),,
2026-03-29 19:59:47,"$65,967.95",$1.31T,$21.48B,20M BTC,0.53% (24h),,
2026-03-29 23:34:53,"$67,157.52",$1.34T,$25.34B,20M BTC,0.38% (24h),,
2026-03-30 01:52:24,"$67,450.71",$1.34T,$27.4B,20M BTC,1.15% (24h),,
2026-03-30 03:55:48,"$67,485.53",$1.35T,$28.42B,20M BTC,1.24% (24h),,
2026-03-30 05:23:27,"$67,513.84",$1.35T,$30.98B,20M BTC,1.36% (24h),,
2026-03-30 06:47:31,"$67,365.93",$1.34T,$31.19B,20M BTC,1.27% (24h),,
2026-03-30 07:45:03,"$67,539.38",$1.35T,$31.85B,20M BTC,1.02% (24h),,
2026-03-30 08:45:10,"$67,840.96",$1.35T,$32.77B,20M BTC,1.71% (24h),,
2026-03-30 10:17:57,"$67,550.02",$1.35T,$34.6B,20M BTC,1.41% (24h),,
2026-03-30 11:48:05,"$67,663.91",$1.35T,$36.65B,20M BTC,1.91% (24h),,
2026-03-30 12:44:30,"$67,339.42",$1.34T,$37.23B,20M BTC,1.28% (24h),,
2026-03-30 13:42:20,"$66,858.18",$1.33T,$38.31B,20M BTC,0.88% (24h),,
2026-03-30 14:43:05,"$66,671.12",$1.33T,$39.17B,20M BTC,0.38% (24h),,
2026-03-30 15:45:42,"$66,276.85",$1.32T,$40.06B,20M BTC,0.08% (24h),,
2026-03-30 16:32:49,"$66,591.61",$1.33T,$40.04B,20M BTC,0.07% (24h),,
2026-03-30 17:27:30,"$66,823.09",$1.33T,$40.7B,20M BTC,0.37% (24h),,
2026-03-30 18:07:06,"$66,868.20",$1.33T,$40.62B,20M BTC,0.96% (24h),,
2026-03-30 18:57:19,"$66,735.16",$1.33T,$39.38B,20M BTC,1.45% (24h),,
2026-03-30 19:46:57,"$66,695.48",$1.33T,$37.82B,20M BTC,0.95% (24h),,
2026-03-30 21:05:12,"$67,110.61",$1.34T,$36.57B,20M BTC,1.09% (24h),,
2026-03-31 00:08:42,"$67,696.22",$1.35T,$36.64B,20M BTC,0.55% (24h),,
2026-03-31 01:55:09,"$67,669.08",$1.35T,$35.98B,20M BTC,0.27% (24h),,
2026-03-31 03:28:38,"$67,244.66",$1.34T,$36.36B,20M BTC,0.04% (24h),,
2026-03-31 04:40:27,"$66,959.65",$1.33T,$36.06B,20M BTC,1.2% (24h),,
2026-03-31 05:48:10,"$66,355.35",$1.32T,$36.84B,20M BTC,1.71% (24h),,
2026-03-31 06:42:56,"$66,203.78",$1.32T,$37.69B,20M BTC,1.69% (24h),,
2026-03-31 07:39:07,"$66,731.27",$1.33T,$38.45B,20M BTC,1.13% (24h),,
2026-03-31 08:42:02,"$66,822.96",$1.33T,$38.36B,20M BTC,1.44% (24h),,
2026-03-31 10:21:15,"$67,631.65",$1.35T,$38.68B,20M BTC,0.28% (24h),,
2026-03-31 11:46:10,"$66,872.86",$1.33T,$39.32B,20M BTC,1.22% (24h),,
2026-03-31 12:44:56,"$67,717.63",$1.35T,$39.68B,20M BTC,0.56% (24h),,
2026-03-31 13:45:32,"$67,623.12",$1.35T,$41.99B,20M BTC,1.08% (24h),,
2026-03-31 14:43:02,"$67,735.52",$1.35T,$42.33B,20M BTC,1.59% (24h),,
2026-03-31 15:45:52,"$67,775.61",$1.35T,$42.14B,20M BTC,2.24% (24h),,
2026-03-31 16:30:56,"$67,928.40",$1.35T,$42.24B,20M BTC,2% (24h),,
2026-03-31 17:11:17,"$67,953.71",$1.35T,$42.46B,20M BTC,1.86% (24h),,
2026-03-31 17:57:38,"$68,232.88",$1.36T,$42.53B,20M BTC,2.16% (24h),,
2026-03-31 18:45:12,"$68,143.53",$1.36T,$42.65B,20M BTC,2.02% (24h),,
2026-03-31 19:22:34,"$68,220.74",$1.36T,$43B,20M BTC,2.49% (24h),,
2026-03-31 20:01:36,"$68,065.48",$1.36T,$42.75B,20M BTC,2.06% (24h),,
2026-03-31 23:39:41,"$67,884.56",$1.35T,$42.21B,20M BTC,0.32% (24h),,
2026-04-01 01:49:02,"$68,402.84",$1.36T,$42.53B,20M BTC,1.03% (24h),,
2026-04-01 03:06:42,"$69,149.56",$1.38T,$42.86B,20M BTC,2.52% (24h),,
2026-04-01 04:23:40,"$68,614.47",$1.37T,$43.95B,20M BTC,1.87% (24h),,
2026-04-01 05:49:08,"$68,536.62",$1.37T,$42.28B,20M BTC,3.28% (24h),,
2026-04-01 06:44:45,"$68,519.76",$1.37T,$41.81B,20M BTC,3.51% (24h),,
2026-04-01 07:41:51,"$68,573.04",$1.37T,$41.25B,20M BTC,2.73% (24h),,
2026-04-01 08:48:11,"$68,468.73",$1.37T,$41.25B,20.01M BTC,2.48% (24h),,
2026-04-01 10:23:22,"$68,405.00",$1.36T,$41.13B,20.01M BTC,1.19% (24h),,
2026-04-01 11:55:52,"$68,877.54",$1.37T,$40.45B,20.01M BTC,2.92% (24h),,
2026-04-01 13:06:25,"$68,963.13",$1.37T,$39.18B,20.01M BTC,1.96% (24h),,
2026-04-01 14:03:41,"$67,982.84",$1.36T,$37.41B,20.01M BTC,0.65% (24h),,
2026-04-01 15:22:09,"$68,060.59",$1.36T,$37.58B,20.01M BTC,0.29% (24h),,
2026-04-01 16:12:22,"$68,117.72",$1.36T,$37.66B,20.01M BTC,0.09% (24h),,
2026-04-01 17:03:13,"$68,176.88",$1.36T,$37.4B,20.01M BTC,0.17% (24h),,
2026-04-01 17:58:08,"$68,341.55",$1.36T,$37.08B,20.01M BTC,0.17% (24h),,
2026-04-01 18:52:47,"$68,086.64",$1.36T,$36.63B,20.01M BTC,0.06% (24h),,
2026-04-01 19:43:53,"$68,118.46",$1.36T,$36.29B,20.01M BTC,0.22% (24h),,
2026-04-01 21:02:38,"$68,372.72",$1.36T,$35.98B,20.01M BTC,0.22% (24h),,
2026-04-02 00:02:20,"$66,608.96",$1.33T,$38.75B,20.01M BTC,2.25% (24h),,
2026-04-02 01:50:29,"$66,456.91",$1.32T,$39.05B,20.01M BTC,2.86% (24h),,
2026-04-02 03:00:59,"$66,650.40",$1.33T,$38.5B,20.01M BTC,3.51% (24h),,
2026-04-02 04:14:18,"$66,711.83",$1.33T,$37.16B,20.01M BTC,2.72% (24h),,
2026-04-02 05:32:41,"$66,424.81",$1.32T,$36.91B,20.01M BTC,3.09% (24h),,
2026-04-02 07:07:42,"$66,362.90",$1.32T,$36.68B,20.01M BTC,3.18% (24h),,
2026-04-02 07:32:48,"$66,427.68",$1.32T,$37.16B,20.01M BTC,3.09% (24h),,
2026-04-02 08:47:35,"$66,162.31",$1.32T,$37.27B,20.01M BTC,3.33% (24h),,
2026-04-02 10:14:29,"$66,385.72",$1.32T,$37.29B,20.01M BTC,2.6% (24h),,
2026-04-02 11:18:24,"$66,830.26",$1.33T,$38.83B,20.01M BTC,2.39% (24h),,
2026-04-02 12:16:37,"$66,876.89",$1.33T,$38.88B,20.01M BTC,2.57% (24h),,
2026-04-02 13:14:14,"$67,097.09",$1.34T,$38.98B,20.01M BTC,2.37% (24h),,
2026-04-02 14:06:24,"$66,721.93",$1.33T,$39.39B,20.01M BTC,1.93% (24h),,
2026-04-02 15:15:49,"$67,034.54",$1.34T,$39.62B,20.01M BTC,1.49% (24h),,
2026-04-02 16:02:23,"$66,847.29",$1.33T,$39.62B,20.01M BTC,1.85% (24h),,
2026-04-02 16:54:45,"$66,974.99",$1.34T,$39.41B,20.01M BTC,1.81% (24h),,
2026-04-02 17:48:05,"$66,813.77",$1.33T,$39.5B,20.01M BTC,2.17% (24h),,
2026-04-02 18:21:51,"$66,957.72",$1.33T,$39.34B,20.01M BTC,1.75% (24h),,
2026-04-02 19:03:11,"$66,977.19",$1.34T,$39.3B,20.01M BTC,1.78% (24h),,
2026-04-02 19:51:11,"$66,866.08",$1.33T,$39.33B,20.01M BTC,1.85% (24h),,
2026-04-02 21:26:01,"$66,819.92",$1.33T,$37.9B,20.01M BTC,1.02% (24h),,
2026-04-03 00:15:04,"$66,604.29",$1.33T,$34.76B,20.01M BTC,0.14% (24h),,
2026-04-03 01:54:53,"$66,556.77",$1.33T,$33.79B,20.01M BTC,0.09% (24h),,
2026-04-03 03:22:20,"$66,844.23",$1.33T,$33.76B,20.01M BTC,0.29% (24h),,
2026-04-03 04:13:05,"$67,216.29",$1.34T,$33.83B,20.01M BTC,0.72% (24h),,
2026-04-03 05:14:08,"$66,888.90",$1.33T,$33.67B,20.01M BTC,0.82% (24h),,
2026-04-03 06:07:42,"$66,787.30",$1.33T,$33.43B,20.01M BTC,0.61% (24h),,
2026-04-03 07:04:30,"$66,880.18",$1.33T,$33.15B,20.01M BTC,0.64% (24h),,
2026-04-03 07:53:34,"$66,984.98",$1.34T,$32.43B,20.01M BTC,1.06% (24h),,
2026-04-03 09:20:52,"$66,667.81",$1.33T,$31.62B,20.01M BTC,1.16% (24h),,
2026-04-03 10:11:37,"$66,734.80",$1.33T,$30.29B,20.01M BTC,0.66% (24h),,
2026-04-03 11:05:32,"$66,945.08",$1.33T,$28.58B,20.01M BTC,0.2% (24h),,
2026-04-03 11:54:27,"$66,836.12",$1.33T,$27.58B,20.01M BTC,0.08% (24h),,
2026-04-03 12:52:45,"$67,034.97",$1.34T,$26.62B,20.01M BTC,0.16% (24h),,
2026-04-03 13:42:36,"$66,869.94",$1.33T,$25.57B,20.01M BTC,0.16% (24h),,
2026-04-03 14:28:31,"$66,896.39",$1.33T,$24.78B,20.01M BTC,0.34% (24h),,
2026-04-03 15:25:31,"$66,778.62",$1.33T,$24.05B,20.01M BTC,0.33% (24h),,
2026-04-03 16:03:02,"$66,862.25",$1.33T,$23.22B,20.01M BTC,0.07% (24h),,
2026-04-03 16:54:37,"$66,856.76",$1.33T,$23.37B,20.01M BTC,0.12% (24h),,
2026-04-03 17:43:07,"$66,905.49",$1.33T,$23.2B,20.01M BTC,0.16% (24h),,
2026-04-03 18:19:19,"$66,867.50",$1.33T,$23.12B,20.01M BTC,0.13% (24h),,
2026-04-03 18:59:09,"$66,889.83",$1.33T,$23.02B,20.01M BTC,0.19% (24h),,
2026-04-03 19:45:30,"$66,887.08",$1.33T,$22.77B,20.01M BTC,0% (24h),,
2026-04-03 20:59:42,"$66,882.77",$1.33T,$22.4B,20.01M BTC,0.19% (24h),,
2026-04-03 23:41:09,"$66,833.80",$1.33T,$20.64B,20.01M BTC,0.42% (24h),,
2026-04-04 01:14:50,"$66,868.93",$1.33T,$19.58B,20.01M BTC,0.41% (24h),,
2026-04-04 02:16:30,"$66,937.97",$1.33T,$19.08B,20.01M BTC,0.46% (24h),,
2026-04-04 03:32:39,"$66,955.49",$1.33T,$18.55B,20.01M BTC,0.04% (24h),,
2026-04-04 04:08:24,"$67,016.02",$1.34T,$18.15B,20.01M BTC,0.27% (24h),,
2026-04-04 05:00:55,"$66,918.07",$1.33T,$17.59B,20.01M BTC,0.06% (24h),,
2026-04-04 05:52:57,"$66,965.27",$1.34T,$17.38B,20.01M BTC,0.19% (24h),,
2026-04-04 06:42:48,"$67,030.01",$1.34T,$17.23B,20.01M BTC,0.38% (24h),,
2026-04-04 07:18:18,"$67,120.52",$1.34T,$17.43B,20.01M BTC,0.4% (24h),,
2026-04-04 07:49:57,"$67,116.62",$1.34T,$17.47B,20.01M BTC,0.17% (24h),,
2026-04-04 08:30:39,"$67,106.10",$1.34T,$16.97B,20.01M BTC,0.01% (24h),,
2026-04-04 09:38:35,"$67,231.37",$1.34T,$16.19B,20.01M BTC,0.88% (24h),,
2026-04-04 10:21:33,"$67,199.10",$1.34T,$15.97B,20.01M BTC,0.59% (24h),,
2026-04-04 10:59:12,"$67,172.63",$1.34T,$15.9B,20.01M BTC,0.32% (24h),,
2026-04-04 11:43:15,"$67,308.96",$1.34T,$16.25B,20.01M BTC,0.67% (24h),,
2026-04-04 12:19:26,"$67,328.04",$1.34T,$16.14B,20.01M BTC,0.66% (24h),,
2026-04-04 12:59:44,"$67,395.73",$1.34T,$16.11B,20.01M BTC,0.58% (24h),,
2026-04-04 13:43:13,"$67,330.80",$1.34T,$15.99B,20.01M BTC,0.67% (24h),,
2026-04-04 14:22:40,"$67,334.13",$1.34T,$15.86B,20.01M BTC,0.66% (24h),,
2026-04-04 15:10:51,"$67,384.82",$1.34T,$15.79B,20.01M BTC,0.89% (24h),,
2026-04-04 15:48:19,"$67,305.19",$1.34T,$15.88B,20.01M BTC,0.62% (24h),,
2026-04-04 16:16:57,"$67,234.78",$1.34T,$15.95B,20.01M BTC,0.51% (24h),,
2026-04-04 16:54:10,"$67,260.50",$1.34T,$16B,20.01M BTC,0.59% (24h),,
2026-04-04 17:39:59,"$67,291.61",$1.34T,$15.88B,20.01M BTC,0.58% (24h),,
2026-04-04 18:02:02,"$67,351.05",$1.34T,$15.95B,20.01M BTC,0.69% (24h),,
2026-04-04 18:50:20,"$67,392.64",$1.34T,$15.95B,20.01M BTC,0.78% (24h),,
2026-04-04 19:22:20,"$67,335.54",$1.34T,$15.96B,20.01M BTC,0.7% (24h),,
2026-04-04 19:58:10,"$67,290.33",$1.34T,$15.87B,20.01M BTC,0.53% (24h),,
2026-04-04 23:33:19,"$67,129.95",$1.34T,$16.27B,20.01M BTC,0.43% (24h),,
2026-04-05 01:31:05,"$67,082.89",$1.34T,$16.19B,20.01M BTC,0.27% (24h),,
2026-04-05 02:47:57,"$66,810.63",$1.33T,$16.69B,20.01M BTC,0.2% (24h),,
2026-04-05 03:46:19,"$66,743.14",$1.33T,$16.93B,20.01M BTC,0.31% (24h),,
2026-04-05 04:29:19,"$66,861.83",$1.33T,$16.78B,20.01M BTC,0.24% (24h),,
2026-04-05 05:12:02,"$66,899.67",$1.33T,$16.71B,20.01M BTC,0.1% (24h),,
2026-04-05 06:00:50,"$66,984.50",$1.34T,$16.86B,20.01M BTC,0.02% (24h),,
2026-04-05 06:52:00,"$67,026.63",$1.34T,$17.03B,20.01M BTC,0.13% (24h),,
2026-04-05 07:38:33,"$66,968.52",$1.34T,$16.78B,20.01M BTC,0.17% (24h),,
2026-04-05 08:00:56,"$66,964.32",$1.34T,$16.84B,20.01M BTC,0.23% (24h),,
2026-04-05 09:19:57,"$66,753.20",$1.33T,$17.62B,20.01M BTC,0.5% (24h),,
2026-04-05 10:05:31,"$66,921.55",$1.33T,$17.7B,20.01M BTC,0.4% (24h),,
2026-04-05 10:54:27,"$66,915.71",$1.33T,$17.61B,20.01M BTC,0.32% (24h),,
2026-04-05 11:41:29,"$67,351.23",$1.34T,$17.94B,20.01M BTC,0.05% (24h),,
2026-04-05 12:06:05,"$67,321.24",$1.34T,$18.56B,20.01M BTC,0.02% (24h),,
2026-04-05 12:54:24,"$67,189.38",$1.34T,$18.69B,20.01M BTC,0.36% (24h),,
2026-04-05 13:40:47,"$67,349.96",$1.34T,$18.54B,20.01M BTC,0.02% (24h),,
2026-04-05 14:04:58,"$67,301.58",$1.34T,$18.55B,20.01M BTC,0.01% (24h),,
2026-04-05 15:04:38,"$67,362.45",$1.34T,$18.66B,20.01M BTC,0.04% (24h),,
2026-04-05 15:49:44,"$67,288.99",$1.34T,$18.53B,20.01M BTC,0.01% (24h),,
2026-04-05 16:20:04,"$67,357.80",$1.34T,$18.54B,20.01M BTC,0.15% (24h),,
2026-04-05 16:56:53,"$67,619.15",$1.35T,$18.7B,20.01M BTC,0.53% (24h),,
2026-04-05 17:41:13,"$67,458.07",$1.34T,$18.94B,20.01M BTC,0.25% (24h),,
2026-04-05 18:03:13,"$67,701.87",$1.35T,$19.07B,20.01M BTC,0.51% (24h),,
2026-04-05 18:51:59,"$68,164.85",$1.36T,$19.81B,20.01M BTC,1.14% (24h),,
2026-04-05 19:43:18,"$68,876.81",$1.37T,$22.04B,20.01M BTC,2.38% (24h),,
2026-04-05 21:08:25,"$68,926.75",$1.37T,$25.56B,20.01M BTC,2.7% (24h),,
2026-04-06 00:17:53,"$69,012.40",$1.38T,$28.49B,20.01M BTC,2.9% (24h),,
2026-04-06 02:13:57,"$69,291.44",$1.38T,$29.28B,20.01M BTC,3.93% (24h),,
2026-04-06 04:06:56,"$69,139.12",$1.38T,$30.05B,20.01M BTC,3.43% (24h),,
2026-04-06 05:41:53,"$69,814.14",$1.39T,$32.83B,20.01M BTC,4.22% (24h),,
2026-04-06 06:43:49,"$69,889.05",$1.39T,$33.99B,20.01M BTC,4.24% (24h),,
2026-04-06 07:39:47,"$69,669.65",$1.39T,$34.66B,20.01M BTC,4.03% (24h),,
2026-04-06 08:38:08,"$69,473.92",$1.39T,$34.87B,20.01M BTC,4.05% (24h),,
2026-04-06 10:00:03,"$69,366.43",$1.38T,$35.3B,20.01M BTC,3.72% (24h),,
2026-04-06 11:02:57,"$69,702.62",$1.39T,$37.17B,20.01M BTC,4.17% (24h),,
2026-04-06 12:01:59,"$69,965.93",$1.4T,$36.67B,20.01M BTC,3.93% (24h),,
2026-04-06 13:03:53,"$69,542.57",$1.39T,$38.44B,20.01M BTC,3.53% (24h),,
2026-04-06 14:04:59,"$69,505.40",$1.39T,$39.63B,20.01M BTC,3.27% (24h),,
2026-04-06 15:20:07,"$69,774.94",$1.39T,$40.45B,20.01M BTC,3.37% (24h),,
2026-04-06 16:04:02,"$69,634.54",$1.39T,$40.99B,20.01M BTC,3.37% (24h),,
2026-04-06 16:55:59,"$69,867.13",$1.39T,$40.84B,20.01M BTC,3.35% (24h),,
2026-04-06 17:46:05,"$69,469.13",$1.39T,$41.28B,20.01M BTC,2.95% (24h),,
2026-04-06 18:21:39,"$69,403.27",$1.38T,$41.05B,20.01M BTC,2.93% (24h),,
2026-04-06 19:07:32,"$68,427.13",$1.36T,$40.38B,20.01M BTC,0.05% (24h),,
2026-04-06 19:52:45,"$68,841.97",$1.37T,$39.71B,20.01M BTC,0.2% (24h),,
2026-04-06 23:18:19,"$68,661.53",$1.37T,$36.73B,20.01M BTC,0.63% (24h),,
2026-04-07 01:23:53,"$68,787.95",$1.37T,$36.34B,20.01M BTC,0.53% (24h),,
2026-04-07 02:55:03,"$68,571.35",$1.37T,$35.77B,20.01M BTC,0.62% (24h),,
2026-04-07 04:18:18,"$68,661.51",$1.37T,$34.91B,20.01M BTC,0.71% (24h),,
2026-04-07 05:40:22,"$69,145.59",$1.38T,$33.08B,20.01M BTC,0.9% (24h),,
2026-04-07 06:43:33,"$68,523.68",$1.37T,$32.11B,20.01M BTC,1.93% (24h),,
2026-04-07 07:43:08,"$68,385.41",$1.36T,$33.25B,20.01M BTC,1.79% (24h),,
2026-04-07 08:47:56,"$68,314.37",$1.36T,$33.05B,20.01M BTC,1.73% (24h),,
2026-04-07 10:24:02,"$68,130.21",$1.36T,$33.82B,20.01M BTC,2.12% (24h),,
2026-04-07 11:58:19,"$68,140.90",$1.36T,$34.2B,20.01M BTC,2.57% (24h),,
2026-04-07 13:13:43,"$68,307.69",$1.36T,$32.73B,20.01M BTC,1.65% (24h),,
2026-04-07 14:14:18,"$68,662.73",$1.37T,$33.15B,20.01M BTC,1.51% (24h),,
2026-04-07 15:36:06,"$68,449.41",$1.36T,$33.63B,20.01M BTC,1.97% (24h),,
2026-04-07 16:25:09,"$69,307.73",$1.38T,$35.24B,20.01M BTC,0.77% (24h),,
2026-04-07 17:25:49,"$69,717.17",$1.39T,$36.76B,20.01M BTC,0.03% (24h),,
2026-04-07 18:08:27,"$70,372.03",$1.4T,$37.91B,20.01M BTC,1.23% (24h),,
2026-04-07 18:59:29,"$71,478.72",$1.43T,$40.58B,20.01M BTC,3.71% (24h),,
2026-04-07 19:52:08,"$72,170.30",$1.44T,$44.49B,20.01M BTC,4.86% (24h),,
2026-04-07 23:20:14,"$71,290.71",$1.42T,$47.18B,20.01M BTC,3.79% (24h),,
2026-04-08 01:26:00,"$71,754.53",$1.43T,$48.04B,20.01M BTC,4.37% (24h),,
2026-04-08 02:57:24,"$71,716.04",$1.43T,$48.94B,20.01M BTC,4.62% (24h),,
2026-04-08 04:17:43,"$71,721.66",$1.43T,$50.31B,20.01M BTC,4.37% (24h),,
2026-04-08 05:40:06,"$71,687.98",$1.43T,$50.53B,20.01M BTC,3.67% (24h),,
2026-04-08 06:45:04,"$71,546.37",$1.43T,$50.06B,20.01M BTC,4.48% (24h),,
2026-04-08 07:43:58,"$71,522.33",$1.43T,$49.47B,20.01M BTC,4.58% (24h),,
2026-04-08 08:47:23,"$71,932.86",$1.43T,$50.1B,20.01M BTC,5.29% (24h),,
2026-04-08 10:25:46,"$71,511.97",$1.43T,$53B,20.01M BTC,5% (24h),,
2026-04-08 12:01:43,"$71,321.27",$1.42T,$54.39B,20.01M BTC,4.65% (24h),,
2026-04-08 13:19:45,"$71,746.71",$1.43T,$54.62B,20.01M BTC,5.14% (24h),,
2026-04-08 14:46:55,"$71,320.45",$1.42T,$54.99B,20.01M BTC,4.14% (24h),,
2026-04-08 15:52:37,"$71,354.78",$1.42T,$54.42B,20.01M BTC,3.44% (24h),,
2026-04-08 16:56:01,"$71,351.79",$1.42T,$52.73B,20.01M BTC,3.13% (24h),,
2026-04-08 17:53:34,"$71,603.49",$1.43T,$50.97B,20.01M BTC,2.31% (24h),,
2026-04-08 18:52:32,"$71,243.27",$1.42T,$47.76B,20.01M BTC,0.2% (24h),,
2026-04-08 19:48:16,"$71,089.50",$1.42T,$43.32B,20.01M BTC,1.54% (24h),,
2026-04-08 20:58:06,"$70,849.63",$1.41T,$40.86B,20.01M BTC,1.15% (24h),,
2026-04-08 23:53:41,"$71,017.68",$1.42T,$39.95B,20.01M BTC,0.38% (24h),,
2026-04-09 01:53:57,"$70,938.65",$1.41T,$39.25B,20.01M BTC,1.18% (24h),,
2026-04-09 03:50:32,"$70,995.87",$1.42T,$39.57B,20.01M BTC,0.83% (24h),,
2026-04-09 05:00:16,"$71,245.68",$1.42T,$37.87B,20.01M BTC,0.75% (24h),,
2026-04-09 06:20:26,"$71,404.83",$1.42T,$37.93B,20.01M BTC,0.3% (24h),,
2026-04-09 07:30:56,"$71,097.91",$1.42T,$37.53B,20.01M BTC,0.77% (24h),,
2026-04-09 08:44:11,"$71,220.54",$1.42T,$36.7B,20.01M BTC,0.91% (24h),,
2026-04-09 10:33:45,"$70,624.76",$1.41T,$37.9B,20.01M BTC,0.67% (24h),,
2026-04-09 12:08:38,"$72,132.60",$1.44T,$33.75B,20.01M BTC,1% (24h),,
2026-04-09 13:35:16,"$72,176.62",$1.44T,$37.9B,20.01M BTC,0.69% (24h),,
2026-04-09 14:39:27,"$71,869.34",$1.43T,$35.49B,20.01M BTC,0.47% (24h),,
2026-04-09 15:52:28,"$72,190.93",$1.44T,$37.9B,20.01M BTC,1.19% (24h),,
2026-04-09 17:00:34,"$72,436.53",$1.44T,$37.87B,20.01M BTC,1.49% (24h),,
2026-04-09 17:56:01,"$72,308.67",$1.44T,$37.87B,20.01M BTC,1% (24h),,
2026-04-09 18:53:33,"$72,115.11",$1.44T,$40.86B,20.01M BTC,1.28% (24h),,
2026-04-09 19:44:13,"$71,816.93",$1.43T,$38.69B,20.01M BTC,1.05% (24h),,
2026-04-09 21:07:17,"$71,877.83",$1.43T,$37.07B,20.01M BTC,1.59% (24h),,
2026-04-10 00:18:52,"$71,908.72",$1.43T,$39.08B,20.01M BTC,1.42% (24h),,
2026-04-10 02:14:11,"$72,067.59",$1.44T,$39.8B,20.01M BTC,1.48% (24h),,
2026-04-10 04:04:04,"$71,444.77",$1.42T,$39.66B,20.01M BTC,0.67% (24h),,
2026-04-10 05:38:48,"$71,844.35",$1.43T,$39.83B,20.01M BTC,0.87% (24h),,
2026-04-10 06:39:19,"$71,773.39",$1.43T,$39.6B,20.01M BTC,0.55% (24h),,
2026-04-10 07:34:54,"$72,172.44",$1.44T,$39.62B,20.01M BTC,1.47% (24h),,
2026-04-10 08:35:11,"$72,327.97",$1.44T,$39.94B,20.01M BTC,1.55% (24h),,
2026-04-10 10:03:50,"$72,428.64",$1.44T,$40.37B,20.01M BTC,2.39% (24h),,
2026-04-10 11:06:21,"$72,898.23",$1.45T,$42.44B,20.01M BTC,2.61% (24h),,
2026-04-10 12:08:24,"$72,559.49",$1.45T,$41.09B,20.01M BTC,0.44% (24h),,
2026-04-10 13:08:43,"$72,932.74",$1.45T,$40.19B,20.01M BTC,0.66% (24h),,
2026-04-10 14:02:01,"$73,082.95",$1.46T,$39.09B,20.01M BTC,1.09% (24h),,
2026-04-10 15:12:27,"$73,269.41",$1.46T,$38.83B,20.01M BTC,1.66% (24h),,
2026-04-10 15:59:17,"$73,264.74",$1.46T,$39.03B,20.01M BTC,1.62% (24h),,
2026-04-10 16:52:28,"$73,244.02",$1.46T,$39.36B,20.01M BTC,1.29% (24h),,
2026-04-10 17:50:31,"$73,148.68",$1.46T,$39.02B,20.01M BTC,1.02% (24h),,
2026-04-10 18:27:17,"$73,050.24",$1.46T,$38.81B,20.01M BTC,0.53% (24h),,
2026-04-10 19:07:28,"$72,872.72",$1.45T,$38.03B,20.01M BTC,1.24% (24h),,
2026-04-10 19:52:36,"$72,964.64",$1.46T,$37.72B,20.01M BTC,1.7% (24h),,
2026-04-10 22:52:44,"$72,991.20",$1.46T,$36.53B,20.01M BTC,1.37% (24h),,
2026-04-11 01:03:10,"$72,851.28",$1.45T,$36.18B,20.01M BTC,1.08% (24h),,
2026-04-11 02:13:44,"$72,714.29",$1.45T,$35.94B,20.01M BTC,0.86% (24h),,
2026-04-11 03:32:52,"$72,825.04",$1.45T,$35.7B,20.01M BTC,1.55% (24h),,
2026-04-11 04:25:46,"$72,784.17",$1.45T,$34.72B,20.01M BTC,1.55% (24h),,
2026-04-11 05:12:07,"$72,670.64",$1.45T,$34.41B,20.01M BTC,1.41% (24h),,
2026-04-11 06:01:14,"$72,936.89",$1.45T,$34.42B,20.01M BTC,1.6% (24h),,
2026-04-11 06:52:38,"$72,842.62",$1.45T,$34.16B,20.01M BTC,1.33% (24h),,
2026-04-11 07:38:50,"$72,876.27",$1.45T,$33.61B,20.01M BTC,0.9% (24h),,
2026-04-11 08:01:40,"$72,943.00",$1.45T,$33.29B,20.01M BTC,1.13% (24h),,
2026-04-11 09:23:24,"$72,722.88",$1.45T,$32.45B,20.01M BTC,0.62% (24h),,
2026-04-11 10:09:02,"$72,726.47",$1.45T,$31.4B,20.01M BTC,0.26% (24h),,
2026-04-11 10:56:50,"$72,744.84",$1.45T,$28.52B,20.01M BTC,0.07% (24h),,
2026-04-11 11:41:45,"$72,792.61",$1.45T,$26.95B,20.01M BTC,0.2% (24h),,
2026-04-11 12:05:58,"$72,889.10",$1.45T,$26.1B,20.01M BTC,0.48% (24h),,
2026-04-11 12:55:55,"$73,111.64",$1.46T,$25.71B,20.01M BTC,0.25% (24h),,
2026-04-11 13:40:26,"$73,143.82",$1.46T,$25.31B,20.01M BTC,0.31% (24h),,
2026-04-11 14:05:09,"$73,076.95",$1.46T,$24.91B,20.01M BTC,0.21% (24h),,
2026-04-11 15:05:50,"$73,720.16",$1.47T,$25.34B,20.01M BTC,0.75% (24h),,
2026-04-11 15:50:04,"$73,677.10",$1.47T,$25.01B,20.01M BTC,0.89% (24h),,
2026-04-11 16:21:45,"$73,457.03",$1.47T,$24.85B,20.01M BTC,0.26% (24h),,
2026-04-11 16:59:31,"$73,334.48",$1.46T,$24.46B,20.01M BTC,0.05% (24h),,
2026-04-11 17:45:45,"$73,461.25",$1.47T,$24.2B,20.01M BTC,0.5% (24h),,
2026-04-11 18:17:09,"$73,563.43",$1.47T,$23.83B,20.01M BTC,0.55% (24h),,
2026-04-11 18:57:38,"$73,377.07",$1.46T,$23.63B,20.01M BTC,0.62% (24h),,
2026-04-11 19:47:16,"$73,104.54",$1.46T,$23.45B,20.01M BTC,0.18% (24h),,
2026-04-11 21:11:08,"$73,125.25",$1.46T,$22.83B,20.01M BTC,0.36% (24h),,
2026-04-12 00:22:48,"$71,551.10",$1.43T,$26.19B,20.01M BTC,1.66% (24h),,
2026-04-12 02:12:00,"$71,747.27",$1.43T,$26.66B,20.01M BTC,1.33% (24h),,
2026-04-12 03:48:17,"$71,746.55",$1.43T,$26.55B,20.01M BTC,1.39% (24h),,
2026-04-12 04:34:57,"$71,713.28",$1.43T,$26.98B,20.01M BTC,1.47% (24h),,
2026-04-12 05:31:59,"$71,622.92",$1.43T,$27.3B,20.01M BTC,1.72% (24h),,
2026-04-12 06:25:08,"$71,676.13",$1.43T,$27.34B,20.01M BTC,1.64% (24h),,
2026-04-12 07:10:09,"$71,465.63",$1.43T,$27.61B,20.01M BTC,1.98% (24h),,
2026-04-12 07:49:55,"$71,473.97",$1.43T,$27.82B,20.01M BTC,1.91% (24h),,
2026-04-12 08:35:31,"$71,384.30",$1.42T,$27.9B,20.01M BTC,2.09% (24h),,
2026-04-12 09:47:49,"$70,957.52",$1.42T,$28.85B,20.01M BTC,2.36% (24h),,
2026-04-12 10:31:56,"$71,043.96",$1.42T,$29.25B,20.01M BTC,2.27% (24h),,
2026-04-12 11:10:48,"$70,788.63",$1.41T,$29.69B,20.01M BTC,2.65% (24h),,
2026-04-12 11:54:57,"$70,936.31",$1.41T,$30.16B,20.01M BTC,2.62% (24h),,
2026-04-12 12:51:59,"$70,904.98",$1.41T,$29.95B,20.01M BTC,3.13% (24h),,
2026-04-12 13:42:53,"$71,000.40",$1.42T,$29.83B,20.01M BTC,2.94% (24h),,
2026-04-12 14:28:09,"$71,110.81",$1.42T,$30.08B,20.01M BTC,2.89% (24h),,
2026-04-12 15:26:01,"$71,174.11",$1.42T,$28.56B,20.01M BTC,3.23% (24h),,
2026-04-12 16:02:18,"$71,122.53",$1.42T,$28.16B,20.01M BTC,3.39% (24h),,
2026-04-12 16:53:08,"$71,340.48",$1.42T,$28.34B,20.01M BTC,2.87% (24h),,
2026-04-12 17:43:24,"$71,355.97",$1.42T,$28.31B,20.01M BTC,2.85% (24h),,
2026-04-12 18:19:25,"$70,731.48",$1.41T,$29.13B,20.01M BTC,3.76% (24h),,
2026-04-12 19:00:58,"$70,822.55",$1.41T,$29.64B,20.01M BTC,3.49% (24h),,
2026-04-12 19:49:51,"$70,593.76",$1.41T,$29.85B,20.01M BTC,3.47% (24h),,
2026-04-12 21:19:43,"$71,086.16",$1.42T,$30.11B,20.01M BTC,2.71% (24h),,
2026-04-13 00:34:47,"$71,097.95",$1.42T,$27.5B,20.01M BTC,0.61% (24h),,
2026-04-13 02:36:21,"$71,030.44",$1.42T,$29.71B,20.01M BTC,0.9% (24h),,
2026-04-13 04:36:23,"$70,723.79",$1.41T,$33.36B,20.01M BTC,1.38% (24h),,
2026-04-13 06:23:15,"$70,804.21",$1.41T,$29.24B,20.01M BTC,1.2% (24h),,
2026-04-13 07:54:09,"$70,955.83",$1.42T,$28.48B,20.01M BTC,0.73% (24h),,
2026-04-13 09:59:28,"$71,578.88",$1.43T,$29.32B,20.01M BTC,0.96% (24h),,
2026-04-13 11:25:45,"$71,924.05",$1.43T,$34.06B,20.01M BTC,1.61% (24h),,
2026-04-13 12:45:41,"$72,341.99",$1.44T,$36.66B,20.01M BTC,2.05% (24h),,
2026-04-13 13:47:48,"$72,470.48",$1.45T,$38.69B,20.01M BTC,2.06% (24h),,
2026-04-13 14:56:48,"$72,478.84",$1.45T,$40.64B,20.01M BTC,1.86% (24h),,
2026-04-13 16:11:19,"$73,252.42",$1.46T,$44.92B,20.01M BTC,3.13% (24h),,
2026-04-13 17:10:34,"$73,247.86",$1.46T,$46.33B,20.01M BTC,2.68% (24h),,
2026-04-13 18:04:58,"$73,321.30",$1.46T,$46.73B,20.01M BTC,3.63% (24h),,
2026-04-13 19:03:12,"$74,514.58",$1.49T,$49.42B,20.01M BTC,5.29% (24h),,
2026-04-13 19:59:33,"$74,485.95",$1.49T,$52.02B,20.01M BTC,5.26% (24h),,
2026-04-13 23:36:51,"$74,336.84",$1.48T,$50.38B,20.01M BTC,4.63% (24h),,
2026-04-14 01:51:08,"$74,288.88",$1.48T,$51.23B,20.01M BTC,4.86% (24h),,
2026-04-14 03:20:22,"$74,705.34",$1.49T,$52.11B,20.01M BTC,5.4% (24h),,
2026-04-14 05:00:06,"$74,774.02",$1.49T,$53.66B,20.01M BTC,5.81% (24h),,
2026-04-14 06:25:21,"$74,593.85",$1.49T,$54.47B,20.01M BTC,5.43% (24h),,
2026-04-14 07:40:52,"$74,393.55",$1.48T,$54.42B,20.01M BTC,4.98% (24h),,
2026-04-14 08:48:33,"$74,372.78",$1.48T,$55.6B,20.01M BTC,4.92% (24h),,
2026-04-14 10:31:32,"$75,986.82",$1.52T,$59.12B,20.01M BTC,6.03% (24h),,
2026-04-14 11:55:09,"$75,445.13",$1.51T,$61.12B,20.01M BTC,5.12% (24h),,
2026-04-14 13:19:26,"$74,876.15",$1.49T,$61.04B,20.01M BTC,3.46% (24h),,
2026-04-14 14:42:15,"$74,317.00",$1.48T,$60.37B,20.01M BTC,2.68% (24h),,
2026-04-14 15:57:21,"$74,266.21",$1.48T,$58.98B,20.01M BTC,1.09% (24h),,
2026-04-14 17:04:42,"$74,231.50",$1.48T,$58.71B,20.01M BTC,1.43% (24h),,
2026-04-14 18:06:01,"$74,217.57",$1.48T,$58.71B,20.01M BTC,1.23% (24h),,
2026-04-14 19:04:41,"$74,106.65",$1.48T,$55.18B,20.01M BTC,0.6% (24h),,
2026-04-14 19:59:19,"$74,180.32",$1.48T,$51.09B,20.01M BTC,0.4% (24h),,
2026-04-14 23:35:52,"$74,327.72",$1.48T,$51.68B,20.01M BTC,0.06% (24h),,
2026-04-15 01:51:41,"$73,956.45",$1.48T,$51.35B,20.01M BTC,0.44% (24h),,
2026-04-15 03:22:47,"$73,653.06",$1.47T,$50.69B,20.01M BTC,1.42% (24h),,
2026-04-15 05:06:23,"$74,064.42",$1.48T,$50.41B,20.01M BTC,0.85% (24h),,
2026-04-15 06:39:31,"$73,866.57",$1.47T,$50.39B,20.01M BTC,0.89% (24h),,
2026-04-15 07:41:15,"$74,027.83",$1.48T,$50.21B,20.01M BTC,0.49% (24h),,
2026-04-15 08:48:39,"$74,348.98",$1.48T,$50.39B,20.01M BTC,0% (24h),,
2026-04-15 10:24:32,"$74,387.97",$1.48T,$45.38B,20.01M BTC,1.81% (24h),,
2026-04-15 11:53:12,"$73,969.82",$1.48T,$41.33B,20.01M BTC,1.87% (24h),,
2026-04-15 13:15:46,"$74,043.35",$1.48T,$40.07B,20.01M BTC,1.03% (24h),,
2026-04-15 14:39:15,"$74,276.86",$1.48T,$39.25B,20.01M BTC,0.02% (24h),,
2026-04-15 15:53:06,"$75,104.95",$1.5T,$38.16B,20.01M BTC,1.22% (24h),,
2026-04-15 17:01:52,"$74,799.45",$1.49T,$38.37B,20.01M BTC,0.86% (24h),,
2026-04-15 18:05:24,"$74,988.22",$1.5T,$38.19B,20.01M BTC,1.05% (24h),,
2026-04-15 19:02:40,"$74,804.24",$1.49T,$37.61B,20.01M BTC,0.97% (24h),,
2026-04-15 19:59:44,"$74,808.25",$1.49T,$38.12B,20.01M BTC,0.84% (24h),,
2026-04-15 23:42:13,"$75,018.72",$1.5T,$38.21B,20.01M BTC,1.02% (24h),,
2026-04-16 01:54:21,"$75,066.92",$1.5T,$38.49B,20.01M BTC,1.43% (24h),,
2026-04-16 04:00:45,"$74,709.79",$1.49T,$37.26B,20.01M BTC,1.29% (24h),,
2026-04-16 05:44:59,"$74,707.77",$1.49T,$37.96B,20.01M BTC,0.97% (24h),,
2026-04-16 06:53:48,"$74,341.83",$1.48T,$37.98B,20.01M BTC,0.41% (24h),,
2026-04-16 08:04:08,"$74,730.22",$1.49T,$38.26B,20.01M BTC,0.69% (24h),,
2026-04-16 10:12:44,"$73,883.70",$1.47T,$39.29B,20.01M BTC,0.18% (24h),,
2026-04-16 12:00:16,"$74,717.62",$1.49T,$40.92B,20.01M BTC,1.18% (24h),,
2026-04-16 13:40:02,"$74,185.93",$1.48T,$41.51B,20.01M BTC,0.08% (24h),,
2026-04-16 14:50:49,"$74,687.17",$1.49T,$41.64B,20.01M BTC,0.45% (24h),,
2026-04-16 15:56:50,"$75,389.12",$1.5T,$42.26B,20.01M BTC,0.45% (24h),,
2026-04-16 16:58:30,"$75,251.18",$1.5T,$42.4B,20.01M BTC,0.52% (24h),,
2026-04-16 17:55:15,"$74,966.58",$1.5T,$42.49B,20.01M BTC,0.2% (24h),,
2026-04-16 18:53:23,"$74,930.42",$1.49T,$41.87B,20.01M BTC,0.23% (24h),,
2026-04-16 19:52:37,"$75,086.13",$1.5T,$41.44B,20.01M BTC,0.31% (24h),,
2026-04-16 23:30:34,"$74,736.43",$1.49T,$40.19B,20.01M BTC,0.41% (24h),,
2026-04-17 01:51:25,"$74,683.53",$1.49T,$39.24B,20.01M BTC,0.47% (24h),,
2026-04-17 03:23:12,"$74,981.39",$1.5T,$38.78B,20.01M BTC,0.09% (24h),,
2026-04-17 05:05:30,"$75,693.34",$1.51T,$39.67B,20.01M BTC,1.27% (24h),,
2026-04-17 06:36:15,"$75,358.76",$1.5T,$42.48B,20.01M BTC,1.17% (24h),,
2026-04-17 07:36:35,"$75,536.54",$1.51T,$43.02B,20.01M BTC,1.46% (24h),,
2026-04-17 08:44:22,"$75,728.50",$1.51T,$43.15B,20.01M BTC,1.46% (24h),,
2026-04-17 10:17:33,"$77,208.20",$1.54T,$48.9B,20.01M BTC,4.68% (24h),,
2026-04-17 11:34:09,"$77,747.50",$1.55T,$53.11B,20.01M BTC,4.75% (24h),,
2026-04-17 12:35:33,"$78,123.32",$1.56T,$53.71B,20.01M BTC,5.09% (24h),,
2026-04-17 13:33:26,"$77,473.18",$1.55T,$54.51B,20.01M BTC,4.28% (24h),,
2026-04-17 14:36:32,"$77,297.09",$1.54T,$55.01B,20.01M BTC,3.83% (24h),,
2026-04-17 15:45:52,"$77,328.14",$1.54T,$54.55B,20.01M BTC,2.76% (24h),,
2026-04-17 16:32:35,"$77,196.41",$1.54T,$53.85B,20.01M BTC,2.72% (24h),,
2026-04-17 17:27:47,"$77,415.16",$1.54T,$53.73B,20.01M BTC,3.32% (24h),,
2026-04-17 18:09:37,"$77,520.40",$1.55T,$53.64B,20.01M BTC,3.24% (24h),,
2026-04-17 19:03:17,"$77,286.06",$1.54T,$53.77B,20.01M BTC,3.19% (24h),,
2026-04-17 19:56:09,"$77,135.51",$1.54T,$54.11B,20.01M BTC,2.75% (24h),,
2026-04-17 23:18:28,"$77,255.12",$1.54T,$52.96B,20.01M BTC,3.38% (24h),,
2026-04-18 01:20:48,"$77,190.26",$1.54T,$52.8B,20.01M BTC,3.39% (24h),,
2026-04-18 02:44:27,"$77,145.51",$1.54T,$52.84B,20.01M BTC,3.07% (24h),,
2026-04-18 03:51:01,"$76,973.10",$1.54T,$52.42B,20.01M BTC,2.65% (24h),,
2026-04-18 04:40:30,"$76,606.80",$1.53T,$51.93B,20.01M BTC,1.8% (24h),,
2026-04-18 05:35:39,"$76,664.93",$1.53T,$49.18B,20.01M BTC,1.24% (24h),,
2026-04-18 06:27:01,"$76,319.11",$1.52T,$48.56B,20.01M BTC,0.81% (24h),,
2026-04-18 07:14:36,"$75,989.64",$1.52T,$47.93B,20.01M BTC,0.85% (24h),,
2026-04-18 07:52:33,"$75,966.91",$1.52T,$48.08B,20.01M BTC,0.56% (24h),,
2026-04-18 09:18:47,"$76,105.47",$1.52T,$45.55B,20.01M BTC,0.83% (24h),,
2026-04-18 10:09:19,"$76,176.30",$1.52T,$39.5B,20.01M BTC,1.51% (24h),,
2026-04-18 10:59:45,"$76,270.98",$1.52T,$35.97B,20.01M BTC,2.19% (24h),,
2026-04-18 11:51:07,"$76,153.94",$1.52T,$32.85B,20.01M BTC,1.82% (24h),,
2026-04-18 12:30:55,"$76,112.04",$1.52T,$31.66B,20.01M BTC,2.67% (24h),,
2026-04-18 13:10:09,"$75,878.03",$1.51T,$30.57B,20.01M BTC,2.22% (24h),,
2026-04-18 13:55:08,"$75,900.74",$1.51T,$29.18B,20.01M BTC,2.16% (24h),,
2026-04-18 15:53:20,"$75,645.96",$1.51T,$27.62B,20.01M BTC,2.23% (24h),,
2026-04-18 16:47:37,"$75,821.95",$1.51T,$27.16B,20.01M BTC,1.86% (24h),,
2026-04-18 17:22:47,"$75,661.30",$1.51T,$27.03B,20.01M BTC,2.29% (24h),,
2026-04-18 18:01:55,"$75,810.08",$1.51T,$26.95B,20.01M BTC,2.1% (24h),,
2026-04-18 18:55:59,"$75,834.56",$1.51T,$26.66B,20.01M BTC,2.03% (24h),,
2026-04-18 19:44:23,"$75,775.47",$1.51T,$26.19B,20.01M BTC,1.61% (24h),,
2026-04-18 21:14:09,"$75,658.66",$1.51T,$25.47B,20.01M BTC,2.13% (24h),,
2026-04-19 00:27:38,"$75,721.61",$1.51T,$25.93B,20.01M BTC,1.67% (24h),,
2026-04-19 02:17:12,"$75,375.09",$1.5T,$25.96B,20.01M BTC,2.33% (24h),,
2026-04-19 03:52:02,"$75,208.57",$1.5T,$26.86B,20.01M BTC,2.29% (24h),,
2026-04-19 05:02:51,"$75,250.47",$1.5T,$26.3B,20.01M BTC,1.82% (24h),,
2026-04-19 06:01:34,"$74,968.54",$1.5T,$26.05B,20.01M BTC,2.1% (24h),,
2026-04-19 06:56:33,"$75,219.05",$1.5T,$25.55B,20.01M BTC,1.27% (24h),,
2026-04-19 07:42:46,"$75,482.85",$1.51T,$25.09B,20.01M BTC,0.43% (24h),,
2026-04-19 08:29:27,"$75,542.46",$1.51T,$24.77B,20.01M BTC,0.86% (24h),,
2026-04-19 09:44:45,"$76,039.18",$1.52T,$25.09B,20.01M BTC,0.13% (24h),,
2026-04-19 10:31:49,"$75,940.96",$1.52T,$25.25B,20.01M BTC,0.3% (24h),,
2026-04-19 11:24:52,"$76,001.49",$1.52T,$25.62B,20.01M BTC,0.29% (24h),,
2026-04-19 12:05:52,"$75,831.36",$1.51T,$26.46B,20.01M BTC,0.29% (24h),,
2026-04-19 12:59:07,"$75,428.02",$1.5T,$26.36B,20.01M BTC,0.68% (24h),,
2026-04-19 13:49:01,"$75,126.03",$1.5T,$26.84B,20.01M BTC,1.03% (24h),,
2026-04-19 14:30:39,"$74,836.53",$1.49T,$27.52B,20.01M BTC,1.1% (24h),,
2026-04-19 15:28:20,"$74,976.46",$1.5T,$27.51B,20.01M BTC,0.95% (24h),,
2026-04-19 16:04:33,"$74,758.92",$1.49T,$27.7B,20.01M BTC,1.15% (24h),,
2026-04-19 16:54:52,"$74,716.85",$1.49T,$27.56B,20.01M BTC,1.44% (24h),,
2026-04-19 17:44:55,"$74,763.83",$1.49T,$28.25B,20.01M BTC,1.3% (24h),,
2026-04-19 18:21:01,"$73,940.05",$1.48T,$29.42B,20.01M BTC,2.3% (24h),,
2026-04-19 19:02:48,"$73,901.20",$1.47T,$30.3B,20.01M BTC,2.54% (24h),,
2026-04-19 19:53:28,"$73,966.69",$1.48T,$30.88B,20.01M BTC,2.35% (24h),,
2026-04-19 23:39:03,"$74,524.80",$1.49T,$32.97B,20.01M BTC,1.42% (24h),,
2026-04-20 02:04:48,"$74,422.48",$1.48T,$33.34B,20.01M BTC,1.44% (24h),,
2026-04-20 04:27:38,"$74,796.73",$1.49T,$34.33B,20.01M BTC,0.57% (24h),,
2026-04-20 06:19:44,"$75,398.40",$1.5T,$35.03B,20.01M BTC,0.48% (24h),,
2026-04-20 07:50:07,"$75,247.64",$1.5T,$35.07B,20.01M BTC,0.4% (24h),,
2026-04-20 09:02:02,"$75,277.69",$1.5T,$35.49B,20.01M BTC,0.44% (24h),,
2026-04-20 10:58:57,"$74,986.63",$1.5T,$36.74B,20.01M BTC,1.32% (24h),,
2026-04-20 12:20:09,"$75,454.01",$1.51T,$37.68B,20.01M BTC,0.23% (24h),,
2026-04-20 13:34:45,"$75,697.55",$1.51T,$37.72B,20.01M BTC,0.59% (24h),,
2026-04-20 14:42:21,"$76,241.74",$1.52T,$38.47B,20.01M BTC,2% (24h),,
2026-04-20 15:51:51,"$76,258.59",$1.52T,$39.96B,20.01M BTC,1.64% (24h),,
2026-04-20 16:40:32,"$76,269.36",$1.52T,$40.92B,20.01M BTC,1.95% (24h),,
2026-04-20 17:34:30,"$75,843.64",$1.51T,$41.61B,20.01M BTC,1.44% (24h),,
2026-04-20 18:29:34,"$75,954.35",$1.52T,$40.26B,20.01M BTC,2.62% (24h),,
2026-04-20 19:25:32,"$75,757.80",$1.51T,$39.79B,20.01M BTC,2.52% (24h),,
2026-04-20 20:09:50,"$75,753.43",$1.51T,$39.09B,20.01M BTC,2.28% (24h),,
2026-04-20 23:47:27,"$75,579.77",$1.51T,$37.99B,20.01M BTC,1.29% (24h),,
2026-04-21 01:56:45,"$75,851.74",$1.51T,$37.94B,20.01M BTC,2.06% (24h),,
2026-04-21 04:05:47,"$76,152.73",$1.52T,$90.22B,20.01M BTC,1.93% (24h),,
2026-04-21 05:52:32,"$76,339.03",$1.52T,$37.54B,20.01M BTC,1.65% (24h),,
2026-04-21 07:16:18,"$76,401.72",$1.52T,$37.95B,20.01M BTC,1.53% (24h),,
2026-04-21 08:12:36,"$76,348.14",$1.52T,$38.44B,20.01M BTC,1.3% (24h),N/A,N/A
